-- MySQL dump 10.13  Distrib 8.0.43, for Linux (x86_64)
--
-- Host: localhost    Database: biere
-- ------------------------------------------------------
-- Server version	8.0.43-0ubuntu0.24.04.2

/*!40101 SET @OLD_CHARACTER_SET_CLIENT=@@CHARACTER_SET_CLIENT */;
/*!40101 SET @OLD_CHARACTER_SET_RESULTS=@@CHARACTER_SET_RESULTS */;
/*!40101 SET @OLD_COLLATION_CONNECTION=@@COLLATION_CONNECTION */;
/*!50503 SET NAMES utf8mb4 */;
/*!40103 SET @OLD_TIME_ZONE=@@TIME_ZONE */;
/*!40103 SET TIME_ZONE='+00:00' */;
/*!40014 SET @OLD_UNIQUE_CHECKS=@@UNIQUE_CHECKS, UNIQUE_CHECKS=0 */;
/*!40014 SET @OLD_FOREIGN_KEY_CHECKS=@@FOREIGN_KEY_CHECKS, FOREIGN_KEY_CHECKS=0 */;
/*!40101 SET @OLD_SQL_MODE=@@SQL_MODE, SQL_MODE='NO_AUTO_VALUE_ON_ZERO' */;
/*!40111 SET @OLD_SQL_NOTES=@@SQL_NOTES, SQL_NOTES=0 */;

--
-- Table structure for table `Biere`
--

DROP TABLE IF EXISTS `Biere`;
/*!40101 SET @saved_cs_client     = @@character_set_client */;
/*!50503 SET character_set_client = utf8mb4 */;
CREATE TABLE `Biere` (
  `id` int NOT NULL,
  `nom` text NOT NULL,
  `type` text NOT NULL,
  `pourcentage_alcool` double NOT NULL,
  `contenance` int NOT NULL,
  `description` text
) ENGINE=InnoDB DEFAULT CHARSET=utf8mb4 COLLATE=utf8mb4_0900_ai_ci;
/*!40101 SET character_set_client = @saved_cs_client */;

--
-- Dumping data for table `Biere`
--

LOCK TABLES `Biere` WRITE;
/*!40000 ALTER TABLE `Biere` DISABLE KEYS */;
INSERT INTO `Biere` VALUES (1,'Wait Beer','Blanche',6.7,33,'Surface right develop mean.'),(2,'Reflect Beer','Triple',3.7,50,'Agree author truth key foot per born.'),(3,'Floor Beer','Pilsner',5.5,33,'Figure summer authority certain politics fire pattern appear.'),(4,'Door Beer','Triple',9.7,50,'Work understand war area yeah training indeed.'),(5,'Line Beer','Pale Ale',7.5,50,'Fire hotel occur choose herself week.'),(6,'First Beer','IPA',7.3,33,'Others east some cell situation begin clearly.'),(7,'Deal Beer','Blanche',8.6,75,'Seek picture choose city week early yourself truth.'),(8,'Experience Beer','Blanche',4.8,33,'Medical thing health prove new walk.'),(9,'Might Beer','Blanche',9.8,33,'Real finish collection physical expert difference.'),(10,'Store Beer','Brune',9.1,75,'Same throughout produce among red reveal.'),(11,'Concern Beer','Stout',5.2,33,'Authority report recent poor culture could address.'),(12,'Yard Beer','Pale Ale',3.7,50,'So single compare central carry almost president off.'),(13,'Seven Beer','Pilsner',8.5,50,'Yeah from discussion Mrs get.'),(14,'Wall Beer','Pilsner',9.1,50,'Source others by together trial.'),(15,'Right Beer','Brune',7.8,75,'Try never entire maybe your.'),(16,'Party Beer','IPA',7.2,50,'Image summer ago.'),(17,'Before Beer','Stout',5.5,50,'Health participant despite.'),(18,'Their Beer','Lager',7.4,75,'Weight economic suggest court.'),(19,'Artist Beer','Stout',8.9,33,'National magazine wall.'),(20,'Many Beer','Saison',6.1,50,'Billion amount above development together.'),(21,'Piece Beer','Lager',7.2,75,'Study term less site however might.'),(22,'Why Beer','Stout',8.6,75,'Animal down man less.'),(23,'Country Beer','Pale Ale',6.1,33,'Perform art reach dream store American.'),(24,'Firm Beer','Pilsner',8.4,75,'Bill economy smile.'),(25,'You Beer','Stout',3.8,50,'Feel rise later south level.'),(26,'Reflect Beer','Triple',8.9,75,'That recent group suggest poor accept.'),(27,'Thus Beer','Pale Ale',6.8,75,'Value but degree fund fire believe.'),(28,'They Beer','Triple',6.1,33,'Film door challenge message thousand trade view.'),(29,'Long Beer','Saison',7.5,33,'Approach party bill sell.'),(30,'Maintain Beer','IPA',9.1,75,'Animal scientist quickly region ready win.'),(31,'Every Beer','Porter',6,33,'A exactly perhaps how glass do front.'),(32,'Step Beer','Pale Ale',6.8,33,'People source speech road.'),(33,'Black Beer','Brune',3.9,50,'Daughter around protect maintain probably.'),(34,'Center Beer','Pale Ale',7.6,75,'Hotel current shake it office clear.'),(35,'Coach Beer','Triple',8.8,33,'College security note end camera lead.'),(36,'Power Beer','Triple',8.4,33,'Away party building lawyer.'),(37,'Able Beer','Porter',9.9,50,'Above yes tax investment benefit while best.'),(38,'Name Beer','Pilsner',4.5,75,'Often expect make region you manager during.'),(39,'Plant Beer','Porter',8.1,33,'Trip wait result land.'),(40,'Arrive Beer','Blanche',8.3,75,'Treat step everything onto.'),(41,'Office Beer','Blanche',7.9,75,'Could course more simply thus would time big.'),(42,'Relate Beer','Pale Ale',5,50,'Cup right customer trouble town.'),(43,'Goal Beer','Porter',5.9,33,'Special determine there painting several organization seat.'),(44,'If Beer','Pilsner',9.4,33,'Sign every cover.'),(45,'Teach Beer','Porter',5.2,50,'Protect sit million care general behind.'),(46,'Manager Beer','Blanche',6.6,33,'Late yard single under job data memory.'),(47,'Body Beer','Pale Ale',9.7,50,'Cause ground reduce nothing.'),(48,'Force Beer','Brune',7.4,33,'Go onto western north point dark case.'),(49,'Different Beer','Porter',7.6,75,'Politics him population analysis kid.'),(50,'Support Beer','IPA',4.7,75,'Here model food appear ground also make treatment.'),(51,'Cold Beer','Triple',5.1,33,'Adult performance record respond country car.'),(52,'Summer Beer','Stout',6.7,75,'Follow word drug for.'),(53,'Yet Beer','IPA',4.4,75,'Language past air modern including worker.'),(54,'Approach Beer','Triple',4,50,'Stay color decade.'),(55,'Use Beer','Blanche',7,33,'Trade walk major PM.'),(56,'Democratic Beer','Triple',6,33,'Gas prevent later heavy.'),(57,'Hot Beer','Porter',5.8,33,'Yes conference method take kid eight.'),(58,'Control Beer','Saison',9.7,75,'End can during item weight into side.'),(59,'Itself Beer','Brune',6.7,75,'Soldier back couple suddenly.'),(60,'Almost Beer','Brune',6.3,75,'Television more head thank someone.'),(61,'Character Beer','Porter',6,50,'Author set behavior carry produce writer billion court.'),(62,'So Beer','Pilsner',4.1,50,'Shoulder general discover open reduce.'),(63,'Special Beer','Porter',7.6,33,'Whom where movie.'),(64,'Think Beer','Lager',8.4,75,'Police coach care account.'),(65,'Fine Beer','IPA',9.5,33,'Hit put admit walk remember.'),(66,'Boy Beer','IPA',9.8,75,'Happen trip me which very rest.'),(67,'Medical Beer','Lager',5.2,33,'Short southern role themselves main measure quality.'),(68,'Rule Beer','Saison',9,33,'Street natural important he.'),(69,'Personal Beer','Saison',6.6,75,'A if course special top physical management.'),(70,'Who Beer','Pale Ale',5,33,'Power respond son meet make.'),(71,'Stage Beer','Brune',9.9,75,'Step consider attack describe prove.'),(72,'Fly Beer','Stout',4.1,33,'Accept term design way per company discover.'),(73,'Kid Beer','Lager',6.9,33,'Control herself recognize other.'),(74,'Pattern Beer','Pale Ale',4.5,33,'Specific will practice always standard bad none.'),(75,'Society Beer','Pale Ale',5,50,'Someone fire serve marriage reduce table charge.'),(76,'Include Beer','Saison',9.6,75,'Phone our treatment affect could.'),(77,'Reality Beer','Brune',6.9,50,'Thousand indeed price short.'),(78,'Serve Beer','Triple',7.8,75,'Main recent yard decision poor.'),(79,'Individual Beer','Triple',4.1,75,'Sea key second.'),(80,'Buy Beer','Stout',3.8,50,'Sense area story law.'),(81,'This Beer','Porter',4,50,'Student score produce.'),(82,'Summer Beer','Lager',7.1,33,'Human thought expert note statement figure mother since.'),(83,'Culture Beer','IPA',8.5,33,'Relationship yeah serious along physical anyone.'),(84,'Relate Beer','Blanche',8.8,50,'Though these feeling your building.'),(85,'Increase Beer','IPA',3.7,50,'Response same series look example than policy.'),(86,'Since Beer','Triple',6.6,75,'Although once dream.'),(87,'Maybe Beer','Blanche',6.7,75,'Become gun military either first build.'),(88,'Them Beer','Blanche',9.1,75,'Protect college land really painting watch.'),(89,'Fly Beer','Porter',4.2,33,'Form way job next.'),(90,'Coach Beer','Porter',4.6,33,'Drug personal wide thought customer.'),(91,'Fall Beer','Saison',4.5,33,'Job information child center at animal.'),(92,'During Beer','Pale Ale',7.7,33,'Cold environmental off music why method.'),(93,'Everything Beer','Triple',8.9,33,'Sound market popular instead.'),(94,'Remember Beer','Pilsner',8.6,33,'He attack see yeah how.'),(95,'Community Beer','Lager',7.6,50,'Begin someone quickly.'),(96,'Its Beer','Stout',4.5,33,'Up station among his war.'),(97,'Go Beer','Porter',9.2,33,'Center agree usually.'),(98,'Trial Beer','Lager',9.4,75,'One article themselves owner mission future.'),(99,'Whether Beer','Pale Ale',4.2,75,'Whose and network.'),(100,'Government Beer','Blanche',6.8,50,'Again senior research section.');
/*!40000 ALTER TABLE `Biere` ENABLE KEYS */;
UNLOCK TABLES;

--
-- Table structure for table `Brassin`
--

DROP TABLE IF EXISTS `Brassin`;
/*!40101 SET @saved_cs_client     = @@character_set_client */;
/*!50503 SET character_set_client = utf8mb4 */;
CREATE TABLE `Brassin` (
  `id` int NOT NULL,
  `id_biere` int NOT NULL,
  `date_production` text NOT NULL,
  `volume_total` int NOT NULL
) ENGINE=InnoDB DEFAULT CHARSET=utf8mb4 COLLATE=utf8mb4_0900_ai_ci;
/*!40101 SET character_set_client = @saved_cs_client */;

--
-- Dumping data for table `Brassin`
--

LOCK TABLES `Brassin` WRITE;
/*!40000 ALTER TABLE `Brassin` DISABLE KEYS */;
INSERT INTO `Brassin` VALUES (1,7,'2023-05-12',4013),(2,38,'2024-09-03',1592),(3,89,'2024-08-09',4002),(4,16,'2024-01-14',1338),(5,88,'2025-02-22',1454),(6,27,'2024-07-01',4722),(7,39,'2023-09-18',2334),(8,36,'2023-04-07',3941),(9,100,'2024-05-11',3699),(10,81,'2024-10-26',3986),(11,51,'2023-07-02',1640),(12,47,'2023-10-10',927),(13,31,'2024-09-21',3493),(14,61,'2023-06-07',2522),(15,83,'2023-11-05',4980),(16,22,'2024-10-10',4862),(17,75,'2023-09-05',3121),(18,78,'2023-12-23',1657),(19,75,'2023-07-04',1031),(20,78,'2024-10-28',4620),(21,80,'2023-05-20',3352),(22,26,'2023-08-22',2485),(23,100,'2023-08-12',1418),(24,54,'2023-04-28',2575),(25,98,'2024-07-01',1647),(26,37,'2024-01-08',1109),(27,58,'2023-07-11',3661),(28,79,'2024-08-08',718),(29,13,'2024-04-25',3753),(30,79,'2025-02-06',4926),(31,90,'2023-07-31',1379),(32,37,'2023-08-21',1914),(33,1,'2023-04-27',4468),(34,76,'2024-02-22',2081),(35,2,'2025-02-14',538),(36,92,'2023-07-17',2986),(37,14,'2024-02-19',4739),(38,32,'2025-02-14',2340),(39,96,'2024-12-15',3618),(40,61,'2024-08-06',3928),(41,44,'2024-07-12',2893),(42,35,'2023-04-08',4834),(43,29,'2024-10-08',3364),(44,19,'2023-03-13',2557),(45,39,'2024-03-09',4457),(46,10,'2023-11-17',583),(47,53,'2024-08-26',2643),(48,53,'2024-07-31',1114),(49,87,'2023-06-12',3755),(50,42,'2024-07-16',3098),(51,45,'2024-06-29',4344),(52,38,'2024-03-30',4427),(53,52,'2023-08-03',516),(54,91,'2023-12-23',4112),(55,38,'2023-07-10',518),(56,3,'2024-10-28',696),(57,53,'2024-01-02',2154),(58,34,'2024-10-24',2210),(59,18,'2023-06-05',4850),(60,72,'2025-02-13',3953),(61,42,'2023-07-15',3066),(62,67,'2023-06-29',4675),(63,95,'2025-03-02',975),(64,71,'2023-09-04',4023),(65,98,'2024-06-02',4102),(66,3,'2025-03-01',4295),(67,87,'2024-03-10',900),(68,64,'2024-03-03',2106),(69,13,'2023-08-25',3667),(70,86,'2024-12-07',4019),(71,66,'2023-08-25',4032),(72,15,'2024-11-16',4055),(73,14,'2024-02-14',4370),(74,15,'2023-09-19',3399),(75,3,'2023-07-24',2734),(76,78,'2024-11-22',2566),(77,54,'2024-08-05',906),(78,84,'2023-07-20',1008),(79,11,'2024-08-09',4469),(80,75,'2023-08-03',3398),(81,59,'2023-08-06',762),(82,17,'2023-11-21',2565),(83,51,'2023-09-29',511),(84,75,'2024-07-11',1598),(85,17,'2025-02-06',1825),(86,69,'2024-12-12',3287),(87,4,'2024-12-26',927),(88,45,'2023-08-10',836),(89,16,'2024-12-18',2309),(90,54,'2023-10-04',4346),(91,84,'2024-12-30',2843),(92,36,'2023-10-24',4594),(93,83,'2023-07-06',1994),(94,39,'2024-09-04',2253),(95,51,'2023-11-11',854),(96,55,'2024-02-02',3415),(97,7,'2024-11-05',4548),(98,46,'2025-01-30',3570),(99,4,'2023-12-11',628),(100,10,'2024-06-26',2530),(101,23,'2024-03-27',1129),(102,72,'2023-12-19',1735),(103,63,'2025-02-09',4006),(104,23,'2024-03-22',4574),(105,18,'2024-07-19',1941),(106,96,'2023-08-27',557),(107,89,'2023-07-17',1536),(108,79,'2023-04-26',1533),(109,55,'2023-12-21',1394),(110,26,'2023-11-10',3274),(111,82,'2023-12-04',3731),(112,87,'2023-07-19',1498),(113,82,'2023-05-19',651),(114,86,'2023-08-08',3781),(115,40,'2024-05-02',1228),(116,96,'2025-03-09',2407),(117,33,'2024-01-21',1138),(118,78,'2024-03-14',705),(119,31,'2023-08-11',2028),(120,23,'2024-06-28',3287),(121,24,'2023-06-18',2641),(122,24,'2024-10-18',1384),(123,82,'2025-02-12',3540),(124,29,'2023-10-23',4469),(125,8,'2024-12-04',1428),(126,18,'2025-01-19',2699),(127,43,'2024-05-28',2677),(128,31,'2024-11-21',2331),(129,54,'2023-11-18',2032),(130,58,'2024-06-30',3376),(131,88,'2023-11-26',3780),(132,43,'2024-08-03',2419),(133,22,'2024-04-17',4016),(134,98,'2023-03-27',2883),(135,22,'2024-02-11',3858),(136,84,'2024-11-10',4044),(137,18,'2024-02-22',628),(138,85,'2024-09-11',812),(139,31,'2023-04-04',2068),(140,54,'2024-04-20',4507),(141,82,'2023-05-14',1366),(142,82,'2024-12-07',3440),(143,94,'2024-12-04',3516),(144,57,'2024-05-26',582),(145,46,'2023-11-14',910),(146,4,'2024-02-24',4083),(147,28,'2023-03-27',1275),(148,100,'2024-03-25',2139),(149,80,'2024-04-01',4235),(150,43,'2023-12-02',3707),(151,49,'2025-02-02',1356),(152,69,'2023-11-25',760),(153,9,'2023-09-09',1534),(154,65,'2024-02-11',1407),(155,94,'2024-02-09',3266),(156,19,'2024-10-25',1405),(157,73,'2023-12-01',3697),(158,87,'2023-12-12',577),(159,78,'2023-07-31',2352),(160,63,'2024-01-07',2302),(161,94,'2024-08-09',2083),(162,4,'2024-08-04',604),(163,12,'2024-03-30',4726),(164,69,'2024-05-20',508),(165,70,'2024-07-17',2099),(166,75,'2023-06-13',2673),(167,45,'2023-09-30',732),(168,71,'2023-05-07',1634),(169,63,'2023-10-24',1921),(170,18,'2025-02-06',4689),(171,97,'2023-10-31',3664),(172,8,'2024-07-10',4212),(173,13,'2025-02-21',3872),(174,24,'2024-11-01',2577),(175,22,'2024-01-23',3754),(176,70,'2023-12-23',3629),(177,5,'2025-02-16',1153),(178,1,'2024-09-01',1372),(179,91,'2024-08-24',1420),(180,46,'2024-12-02',577),(181,34,'2024-01-23',1096),(182,26,'2024-02-01',2900),(183,72,'2024-03-25',3952),(184,2,'2024-07-23',4618),(185,7,'2023-10-12',2698),(186,30,'2023-09-10',4827),(187,22,'2024-08-18',4901),(188,78,'2023-04-12',3430),(189,100,'2023-10-21',3870),(190,7,'2024-02-07',1558),(191,55,'2024-02-06',3598),(192,6,'2024-03-22',1252),(193,2,'2024-08-24',3296),(194,17,'2023-07-21',4627),(195,75,'2025-03-07',3923),(196,60,'2024-09-29',568),(197,26,'2023-12-29',580),(198,22,'2023-08-22',4479),(199,9,'2024-02-28',1991),(200,44,'2024-12-23',1411),(201,79,'2023-08-18',3692),(202,4,'2023-08-28',2392),(203,90,'2023-08-20',2901),(204,99,'2024-07-05',2185),(205,7,'2024-05-21',2751),(206,29,'2023-08-02',2164),(207,91,'2024-11-07',913),(208,30,'2024-04-28',558),(209,77,'2024-12-24',2883),(210,34,'2023-03-25',2296),(211,55,'2024-05-27',2185),(212,6,'2024-05-26',4695),(213,1,'2023-07-12',3880),(214,55,'2024-07-16',1735),(215,19,'2023-10-21',4818),(216,41,'2025-01-14',2188),(217,57,'2025-01-17',2702),(218,81,'2025-02-22',4238),(219,6,'2024-01-23',3856),(220,74,'2023-05-26',4985),(221,79,'2023-05-19',1764),(222,39,'2023-10-18',4249),(223,20,'2024-01-27',2182),(224,72,'2023-11-20',3147),(225,63,'2024-01-22',3610),(226,26,'2024-05-21',556),(227,95,'2024-08-06',1065),(228,35,'2024-06-01',962),(229,73,'2023-04-25',3036),(230,23,'2024-04-16',2656),(231,42,'2023-06-05',1032),(232,20,'2023-09-12',3147),(233,75,'2024-01-24',3348),(234,38,'2023-10-16',4091),(235,37,'2024-11-13',2681),(236,6,'2023-04-15',1782),(237,61,'2024-05-25',4295),(238,86,'2024-06-17',2955),(239,100,'2025-02-20',3565),(240,97,'2024-10-07',1562),(241,55,'2024-04-18',2755),(242,46,'2024-04-19',2347),(243,88,'2024-07-06',2828),(244,51,'2023-08-18',4362),(245,33,'2024-07-07',1786),(246,67,'2023-03-21',2606),(247,71,'2024-04-22',4330),(248,42,'2024-06-20',4315),(249,92,'2025-02-15',2523),(250,70,'2023-07-10',3966),(251,2,'2025-03-09',4649),(252,32,'2023-03-15',3250),(253,25,'2024-04-08',996),(254,26,'2024-04-25',3664),(255,78,'2024-04-10',1076),(256,9,'2023-11-26',3363),(257,61,'2024-10-11',4570),(258,66,'2024-03-27',1048),(259,93,'2024-08-20',1038),(260,28,'2023-06-20',4242),(261,59,'2024-06-15',4329),(262,28,'2025-02-14',4404),(263,48,'2024-09-14',1999),(264,86,'2023-07-27',2451),(265,25,'2024-01-22',1340),(266,25,'2024-02-08',1473),(267,98,'2024-04-08',1014),(268,38,'2023-11-02',4301),(269,43,'2024-07-16',3286),(270,25,'2023-11-25',1287),(271,26,'2024-03-21',2748),(272,62,'2025-02-14',1952),(273,31,'2024-07-15',2042),(274,8,'2023-09-26',2952),(275,94,'2024-12-17',1118),(276,67,'2023-09-26',1318),(277,72,'2023-08-07',4838),(278,83,'2023-06-25',3081),(279,91,'2024-11-22',945),(280,29,'2024-01-18',997),(281,65,'2023-06-22',3633),(282,19,'2023-04-29',4020),(283,79,'2023-06-21',2264),(284,70,'2024-03-28',2505),(285,63,'2025-01-20',4542),(286,82,'2024-04-04',4754),(287,7,'2024-11-01',4240),(288,21,'2023-10-12',3243),(289,94,'2023-04-02',579),(290,64,'2023-06-19',3196),(291,78,'2024-08-29',4894),(292,97,'2025-01-16',4542),(293,80,'2024-11-13',867),(294,100,'2024-02-24',1892),(295,22,'2023-06-06',2641),(296,86,'2024-06-05',2223),(297,54,'2023-06-04',2586),(298,88,'2024-02-05',755),(299,46,'2023-05-18',4493),(300,68,'2023-06-28',3308);
/*!40000 ALTER TABLE `Brassin` ENABLE KEYS */;
UNLOCK TABLES;

--
-- Table structure for table `Brassin_Ingredient`
--

DROP TABLE IF EXISTS `Brassin_Ingredient`;
/*!40101 SET @saved_cs_client     = @@character_set_client */;
/*!50503 SET character_set_client = utf8mb4 */;
CREATE TABLE `Brassin_Ingredient` (
  `id_brassin` int NOT NULL,
  `id_ingredient` int NOT NULL,
  `quantite` double NOT NULL
) ENGINE=InnoDB DEFAULT CHARSET=utf8mb4 COLLATE=utf8mb4_0900_ai_ci;
/*!40101 SET character_set_client = @saved_cs_client */;

--
-- Dumping data for table `Brassin_Ingredient`
--

LOCK TABLES `Brassin_Ingredient` WRITE;
/*!40000 ALTER TABLE `Brassin_Ingredient` DISABLE KEYS */;
INSERT INTO `Brassin_Ingredient` VALUES (62,36,25.41),(47,2,24.08),(190,26,36.92),(46,22,9.4),(274,36,24.94),(295,23,36.91),(275,45,47.53),(265,2,0.28),(158,36,18.17),(182,31,13.49),(47,40,15.2),(273,28,32.09),(268,41,15.73),(216,30,35.02),(148,33,8.33),(284,20,36.37),(206,46,1.48),(99,14,42.18),(263,13,36.34),(16,40,44.67),(186,33,38.81),(292,37,42),(7,7,24.81),(214,31,12.72),(135,25,45.03),(79,11,37.62),(165,31,5.04),(281,30,8.07),(213,39,22.7),(107,13,49.72),(136,26,12.43),(257,40,20.97),(243,43,24.02),(283,28,21.53),(122,30,17.35),(2,2,30.63),(251,6,8.89),(202,10,43.64),(83,10,34.78),(45,27,15.72),(75,26,30.33),(148,17,16.55),(238,23,46.05),(96,23,45.02),(2,42,0.25),(58,40,45.54),(64,36,34.83),(229,12,31.45),(243,16,43.83),(288,38,42.02),(200,17,23.19),(185,16,5.56),(276,18,35.43),(203,22,46.13),(20,28,42.72),(58,37,10.11),(86,5,33.26),(133,21,28.44),(91,38,15.7),(176,43,38.58),(115,40,29.5),(277,16,31.3),(116,38,15.92),(167,43,14.66),(255,29,26.93),(249,20,36.82),(67,36,35.7),(167,42,37.97),(216,11,6.61),(75,27,32.01),(56,20,1.59),(230,45,22.74),(70,17,14.49),(124,22,27.02),(121,45,10.61),(98,23,31.2),(43,31,10.11),(229,46,36.93),(53,10,28.84),(65,13,38.02),(168,27,2.98),(153,16,10.07),(133,30,12.78),(64,13,23.2),(287,2,26.12),(40,45,45.9),(9,28,7.79),(136,6,33.17),(173,4,11),(155,15,46.97),(107,27,7.06),(248,18,45.53),(140,21,48.16),(94,10,5.73),(290,32,26.32),(94,28,31.11),(217,17,35.68),(267,32,27.3),(175,18,8.22),(207,6,34.68),(226,25,36.39),(13,40,38.4),(176,39,11.67),(193,38,32.52),(89,18,6.83),(197,43,31.73),(246,27,9.86),(163,24,38.39),(281,31,40.23),(256,46,49.09),(271,38,47),(32,19,31.33),(175,42,26.5),(194,7,41.76),(2,3,25.79),(300,18,12.23),(110,12,45.77),(241,23,0.82),(161,16,21.62),(124,3,25),(22,13,19.4),(215,13,24.32),(49,40,8.25),(228,4,27.93),(173,9,15.44),(21,21,45.68),(79,6,47.11),(195,45,30.73),(198,13,30.25),(290,18,36.2),(187,31,41.3),(169,17,29.07),(195,4,17.54),(270,2,28.92),(24,41,23.69),(71,3,23.92),(262,20,10.95),(95,23,21.13),(104,27,36.4),(47,10,22.1),(282,13,28.93),(210,15,41.68),(224,21,46.41),(24,11,21.98),(293,26,9.62),(41,29,29.2),(228,10,39.33),(47,4,49.61),(72,32,16.56),(11,7,45.62),(256,14,21.43),(177,8,29),(292,32,43.01),(119,43,41.42),(126,16,15.71),(184,5,35.18),(189,15,23.91),(16,31,2.1),(13,41,21.24),(129,2,29.15),(40,42,7.77),(10,19,9.86),(72,45,7.82),(96,10,0.78),(189,40,36.94),(240,23,9.06),(146,22,18.58),(211,45,1.6),(97,19,2.83),(237,43,19.25),(128,23,10.91),(87,29,27.66),(296,11,8.04),(201,9,24.73),(259,43,0.67),(259,41,20.44),(184,33,13.48),(67,34,23.65),(58,26,39.7),(140,3,45.09),(194,44,32.16),(257,29,18.37),(171,20,46.53),(131,34,16.38),(85,46,41.01),(205,32,23.4),(41,37,17.71),(183,35,38.89),(237,31,0.19),(254,43,25.24),(229,41,44.5),(57,36,49.83),(1,15,48.36),(65,20,39.59),(118,30,11.71),(46,10,41.83),(170,21,44.96),(33,20,36.17),(178,34,15.27),(211,25,3.58),(142,19,18.6),(230,19,17.89),(235,38,30.83),(96,11,18.69),(209,34,12.44),(241,36,10.92),(227,7,40.46),(233,17,39.41),(34,45,19.47),(165,19,10.62),(240,29,30.07),(221,23,33.91),(202,21,48.41),(170,44,19.39),(43,44,7.71),(288,17,6.28),(10,14,37.61),(291,6,1.19),(87,10,26.66),(34,30,36.13),(68,22,41.24),(210,4,45.92),(273,40,22.72),(104,17,5.19),(102,2,19.57),(85,3,3.91),(298,12,26.55),(59,30,3.86),(281,19,44.12),(272,29,16.19),(54,3,5.48),(230,14,49.52),(58,5,25.58),(221,37,39.19),(105,20,24.85),(47,33,46.69),(113,19,15.25),(139,6,36.33),(69,45,48.3),(204,16,31.27),(53,43,3.98),(38,23,37.55),(2,35,3.8),(98,15,17.38),(208,6,36.58),(240,41,40.34),(102,32,14.73),(237,42,13.58),(138,18,15.17),(124,43,41.78),(225,27,8.06),(275,21,20.8),(186,16,42.99),(148,24,11.13),(225,41,23.3),(81,27,36.81),(39,32,45.35),(180,16,0.36),(168,42,45.94),(108,46,3.15),(218,43,2.41),(73,26,8.04),(291,29,7.73),(39,29,2.52),(146,8,38.63),(117,29,47.5),(144,38,25.63),(95,12,45.73),(121,5,28.46),(100,22,30.04),(245,36,43.96),(39,24,19.7),(39,42,8.81),(243,39,25.1),(272,13,4.41),(48,25,46.5),(158,11,39.17),(271,45,27.06),(100,3,29.15),(291,34,9.14),(228,15,4.48),(88,2,42.7),(147,38,39.53),(159,45,7.7),(182,23,9.45),(37,27,44.98),(24,17,12.68),(138,11,22.08),(228,21,24.74),(297,20,10.22),(278,6,11.45),(112,36,47.71),(213,5,40.44),(28,44,49.22),(82,5,12.05),(238,27,19.87),(170,25,4.18),(69,34,48.25),(255,32,22.69),(32,2,46.9),(201,39,0.95),(149,26,36.5),(251,32,43.62),(110,13,47.78),(28,2,26.4),(26,44,26.14),(114,34,1.32),(151,6,25.92),(192,8,31.99),(95,6,35.92),(199,30,39.1),(100,2,28.74),(294,24,29.13),(90,39,0.22),(74,17,10.89),(83,30,21.29),(211,14,27.44),(179,3,18.31),(29,44,8.59),(41,4,33.79),(209,44,29.67),(268,11,16.72),(94,1,5.72),(238,15,44.78),(106,44,25.81),(99,3,41.68),(281,1,38.21),(177,22,33.49),(241,27,32.44),(161,5,24.04),(143,40,18.72),(132,27,13.29),(237,10,3.72),(164,12,42.55),(272,7,11.76),(77,40,23.6),(191,10,16.75),(276,5,35.42),(230,30,9.82),(126,36,17.34),(58,11,12.22),(126,4,9.37),(300,37,13.15),(245,1,47.75),(219,38,38.13),(204,9,1.57),(69,41,49.32),(283,22,41.59),(277,41,30.3),(232,42,5.93),(223,19,44.96),(180,45,22.69),(252,32,4.04),(140,39,28.53),(225,42,14.94),(300,11,9.81),(117,6,28.15),(132,43,3.79),(24,36,4.41),(73,21,45.53),(28,19,17.1),(241,24,29.87),(209,15,8.33),(139,26,26.35),(185,23,49.7),(172,36,20.35),(119,33,11.22),(11,6,38.12),(275,6,5.07),(173,13,39.46),(300,15,27.43),(279,18,14.45),(149,19,43.38),(63,38,12.55),(36,19,42.75),(269,22,11.51),(262,40,26.47),(186,21,28.22),(53,7,36.96),(32,29,24.13),(192,27,43.64),(27,5,25.52),(127,45,20.99),(145,34,40.4),(94,41,21.69),(20,45,28.81),(232,46,17.35),(145,6,18.96),(54,4,32.97),(266,14,17.92),(75,6,35.56),(121,41,29.55),(204,45,30.79),(22,35,5.16),(165,11,49.31),(177,21,10.92),(60,5,23.93),(260,17,29.24),(172,33,36.42),(233,5,14.97),(11,35,11.03),(234,5,4.4),(99,45,40.53),(132,19,19.97),(107,7,47.66),(182,13,12.15),(94,36,34.9),(5,28,12.75),(249,6,22.81),(46,43,22.6),(34,29,26.25),(198,24,49.48),(144,33,42.32),(199,16,14.58),(77,34,4.39),(126,25,8.11),(96,20,15.91),(241,39,20.74),(59,39,34.25),(54,23,26.03),(298,31,5.84),(283,26,34.02),(12,4,9.78),(5,27,3.17),(138,38,5.43),(225,24,20),(291,39,43.99),(131,28,13.47),(98,5,5.24),(212,43,34.32),(162,12,19.46),(280,23,39.22),(141,27,27.5),(94,12,5.56),(92,9,9),(144,36,48.75),(67,3,24.77),(37,44,11.71),(32,24,14.22),(217,15,2.46),(165,39,0.72),(285,36,14.85),(264,21,11),(54,18,1.21),(25,29,30.78),(174,38,0.41),(31,40,35.14),(149,9,40.69),(182,18,14.95),(25,39,40.68),(24,25,37.55),(194,16,43.18),(42,17,8.48),(176,11,25.47),(253,18,35.44),(145,5,23.32),(33,33,25.39),(197,10,31.12),(155,29,28.7),(184,31,0.34),(174,33,49.81),(190,9,21.12),(13,11,42.9),(23,46,19.99),(149,28,0.35),(278,39,45.71),(31,23,33.73),(162,38,40.18),(255,14,26.68),(54,35,24.42),(176,2,48.41),(27,24,39.06),(272,1,3.02),(102,25,29.11),(139,46,46.86),(169,30,40.84),(172,38,39.44),(263,45,29.58),(162,19,22.02),(94,5,24.24),(56,30,14.22),(155,36,41.75),(76,12,1.08),(126,12,22.9),(3,26,45.52),(168,21,41.69),(36,35,7.54),(175,24,8.46),(10,35,9),(4,22,37.94),(193,20,2.77),(263,34,12.24),(206,14,1.44),(199,29,1),(91,4,16.41),(296,13,13.64),(189,46,18.32),(193,31,29.89),(124,34,22.77),(70,41,39.68),(1,14,18.54),(195,19,44.38),(300,12,11.22),(248,40,46.18),(65,10,17.91),(199,14,34.52),(257,27,15.89),(127,30,8.12),(142,46,19.97),(83,41,1.2),(120,19,18.55),(90,12,27.17),(32,39,5.59),(269,27,8.61),(15,20,27.45),(274,7,30.79),(19,11,43.17),(264,31,33),(296,45,49.62),(27,23,9.48),(231,21,12.71),(190,31,18.67),(172,24,8.45),(34,39,21.59),(63,36,26.21),(236,46,33.34),(10,5,19.02),(141,23,23.44),(140,10,47.82),(19,43,43.66),(80,26,17.89),(60,16,30.46),(159,44,36.15),(183,2,22.92),(173,23,20.11),(91,31,2.29),(122,17,49.29),(153,15,21.16),(163,27,24.83),(232,9,28.76),(44,6,30.51),(148,43,32.32),(291,26,16.29),(6,5,35.98),(30,35,43.97),(96,29,34.58),(133,32,19.65),(178,29,5.2),(38,9,42.68),(229,25,33.96),(57,38,39.21),(133,22,10.81),(269,7,48.85),(12,38,40.15),(263,40,9.83),(50,5,24.45),(265,36,15.46),(49,34,38.88),(127,40,39.84),(196,35,46.28),(126,46,14.71),(298,21,43.46),(128,37,14.65),(212,15,3.09),(59,11,11.11),(118,40,47.43),(268,45,45.63),(280,34,17.43),(81,9,34.97),(207,41,7.93),(64,9,31.15),(245,10,38.54),(96,6,41.05),(150,45,10.63),(8,30,41.2),(17,1,23.33),(32,11,27.22),(258,16,17.94),(156,8,3.93),(197,31,19.2),(39,41,23.66),(221,26,11.6),(168,17,33.69),(122,20,40.3),(238,8,9.28),(279,46,33.32),(202,27,11.19),(19,46,39.41),(56,36,3.02),(117,25,46.66),(217,30,23.6),(197,46,10.08),(222,38,23.68),(10,12,12.27),(141,26,24.03),(235,5,1.28),(166,1,25.77),(75,3,47.15),(276,3,19.78),(287,28,46.67),(73,23,28.48),(245,39,15.62),(197,30,12.26),(210,9,46.71),(120,44,37.65),(275,2,26.45),(91,44,0.6),(218,38,1.22),(174,22,36.42),(160,19,39.12),(191,1,28.92),(156,37,33.97),(255,13,13.74),(174,6,20.74),(19,34,9.07),(202,32,15.41),(58,41,4.52),(43,46,9.48),(236,6,6.39),(150,20,39.88),(36,15,1.79),(209,2,32.9),(284,40,5.27),(107,22,20.64),(247,6,43.98),(119,17,49.7),(106,15,9.23),(89,43,16.12),(30,33,20.71),(22,41,19.66),(189,9,36.84),(38,26,23.92),(81,42,30.75),(116,17,26.27),(123,14,31.2),(3,17,49.37),(270,41,4.73),(35,10,36.14),(76,10,21.9),(141,43,43.85),(25,17,46.58),(62,32,45.76),(106,25,37.23),(282,35,30.87),(48,34,31.87),(203,14,3.94),(243,38,2.83),(93,4,11.54),(164,31,17.84),(159,35,13.94),(20,36,35.64),(255,12,48.29),(59,41,7.44),(56,38,24.43),(99,31,26.38),(80,6,11.23),(198,23,34.12),(42,45,30.55),(45,46,9.34),(129,43,4.01),(93,38,24.09),(111,35,23.28),(52,23,36.62),(286,17,18.24),(282,1,10.09),(109,37,19.81),(282,37,38.05),(44,42,31.39),(128,32,10.44),(81,7,37.65),(145,45,39.07),(35,32,38.79),(26,41,15.51),(163,34,37.96),(164,23,30.79),(288,22,47.06),(111,14,2.06),(285,15,10.35),(44,37,39.01),(104,10,23.7),(163,15,39.11),(145,25,7.03),(87,37,11.84),(38,29,17.78),(207,46,13.6),(138,12,38.19),(226,42,13.6),(232,7,20.99),(13,10,24.97),(81,36,33.67),(148,10,14.81),(271,4,49.88),(4,2,18.44),(299,42,28.96),(204,17,23.78),(108,25,4.64),(168,39,22.7),(159,3,42.2),(211,38,17.18),(296,14,48.54),(89,11,23.71),(13,12,13.97),(233,4,39.03),(3,43,27.03),(149,20,15.3),(53,24,16.88),(251,23,22.66),(250,9,4.68),(116,23,21.34),(226,10,13.57),(294,44,29.56),(93,34,24.44),(175,6,37.46),(151,9,16.06),(93,7,11.32),(43,10,46.8),(116,9,8.36),(116,6,8.67),(250,24,32.78),(285,23,47.5),(29,30,24.21),(72,34,7.7),(67,30,30.87),(215,46,24.31),(164,10,9.37),(64,35,10.27),(82,10,46.63),(122,43,32.06),(246,10,5.6),(130,41,30.57),(77,26,1.68),(83,20,1.95),(35,35,7.24),(255,2,0.41),(224,18,30.57),(218,35,41.56),(148,26,17.94),(144,10,41.94),(173,17,28.86),(148,18,29.06),(31,34,16.83),(98,40,33.12),(44,46,29.07),(127,8,41.49),(187,16,33.15),(169,6,4.85),(132,5,14.36),(89,38,32.13),(300,43,18.52),(287,46,47.97),(191,41,17.52),(270,4,22.88),(300,31,12.8),(228,7,45.77),(242,43,41.03),(279,32,1.06),(283,25,21.61),(212,25,31.29),(131,43,10.94),(283,13,13.74),(283,8,0.77),(68,9,46.17),(96,28,41.01),(60,26,32.71),(257,25,8.75),(75,14,18.52),(57,40,5.93),(78,21,8.26),(153,9,25.63),(42,34,5.59),(246,14,40.03),(26,9,13.15),(248,23,17.9),(22,5,41.24),(68,46,34.47),(182,36,46.91),(251,29,36.83),(86,12,31),(263,25,43.11),(47,22,42.73),(209,6,47.09),(142,17,33.28),(209,14,14.23),(167,40,37.33),(31,14,12.83),(123,36,25.79),(196,19,49.81),(100,31,7.97),(136,41,49.61),(151,1,4.94),(200,19,6.13),(45,24,49.55),(19,28,49.09),(110,44,17.45),(131,15,18.34),(293,41,27.97),(77,13,38.96),(282,28,35.37),(42,43,19.74),(20,38,24.93),(177,33,33.68),(199,21,3.63),(101,4,12.49),(175,20,2.51),(7,23,47.5),(94,6,26.47),(184,39,43.88),(254,46,27.36),(81,6,30.99),(191,40,47.49),(292,7,45.93),(249,24,7.97),(139,12,34.62),(42,22,0.39),(120,43,23.88),(165,9,43.02),(143,13,23.14),(228,14,38.06),(163,36,26.25),(19,7,44.75),(64,37,37.85),(155,21,7.2),(78,32,41.61),(176,22,37.48),(120,27,38.72),(43,41,41.59),(51,38,21.42),(68,43,6.09),(199,3,16.84),(147,41,49.88),(205,18,40.05),(169,4,4.19),(88,37,23.99),(102,35,44.84),(109,5,31.69),(216,26,8.71),(282,27,19.53),(59,14,39.27),(80,10,32.37),(263,9,18.38),(54,33,11.74),(253,1,32.89),(194,6,23.31),(180,9,43.57),(20,24,15.33),(292,31,47.74),(197,2,6.44),(221,8,8.34),(215,25,14.06),(123,45,1.9),(106,19,5.33),(166,22,29.78),(32,31,12.19),(157,10,4.47),(193,5,23.25),(55,35,43.5),(287,4,19.1),(40,17,46.84),(73,8,46.21),(45,21,23.98),(256,26,0.4),(246,22,16),(228,25,44.96),(149,11,42.84),(262,1,11.63),(51,16,15.78),(168,38,29.75),(94,17,30.04),(152,1,8.41),(209,4,44.07),(205,19,8.47),(219,34,26.09),(121,15,22.04),(16,26,20.68),(292,8,47.1),(94,13,42),(191,9,38.1),(76,1,47.54),(25,35,17.47),(113,45,39.38),(156,32,44.78),(45,40,15.29),(186,28,31.7),(169,18,40.4),(50,43,40.9),(32,44,8.02),(29,12,24.2),(157,44,5.79),(214,24,35.73),(116,7,17.77),(129,7,44.12),(50,22,13.39),(297,16,27.48),(36,38,36.67),(231,1,47.44),(266,10,29.75),(276,23,12.77),(289,12,4.05),(33,18,16.52),(66,37,4.84),(35,1,40.28),(63,11,34.59),(247,27,24.99),(218,4,19.7),(139,1,33.33),(23,27,49.62),(19,20,9),(132,44,48.08),(271,10,19.97),(1,44,1.1),(107,11,24.15),(64,38,12.09),(64,2,21.47),(54,27,36.96),(183,6,44.49),(19,32,13.62),(51,44,27.23),(148,1,26.38),(211,16,42.54),(94,22,9.95),(11,10,38.82),(232,15,21.51),(56,22,36.95),(261,32,17.75),(276,41,26.73),(137,14,48.5),(153,17,7.11),(29,24,24.36),(239,16,48.7),(152,10,37.83),(70,9,41.2),(292,18,0.35),(179,5,31.33),(163,14,5.16),(164,39,10.03),(183,20,39.83),(157,15,25.08),(190,32,33.34),(228,31,44.5),(173,15,49.24),(186,6,12.29),(84,36,28.54),(150,6,23.43),(259,9,47.08),(54,37,24.7),(181,9,48.93),(7,34,17.08),(185,33,27.39),(214,40,21.17),(155,28,4.58),(251,40,19.3),(68,8,16.61),(118,25,46.29),(223,42,41.28),(15,13,28.93),(271,7,13.09),(207,40,9.83),(96,41,15.47),(270,7,16.38),(299,36,41.92);
/*!40000 ALTER TABLE `Brassin_Ingredient` ENABLE KEYS */;
UNLOCK TABLES;

--
-- Table structure for table `Client`
--

DROP TABLE IF EXISTS `Client`;
/*!40101 SET @saved_cs_client     = @@character_set_client */;
/*!50503 SET character_set_client = utf8mb4 */;
CREATE TABLE `Client` (
  `id` int NOT NULL,
  `nom` text NOT NULL,
  `categorie` text NOT NULL,
  `adresse` text NOT NULL,
  `telephone` text NOT NULL,
  `email` text NOT NULL
) ENGINE=InnoDB DEFAULT CHARSET=utf8mb4 COLLATE=utf8mb4_0900_ai_ci;
/*!40101 SET character_set_client = @saved_cs_client */;

--
-- Dumping data for table `Client`
--

LOCK TABLES `Client` WRITE;
/*!40000 ALTER TABLE `Client` DISABLE KEYS */;
INSERT INTO `Client` VALUES (1,'Brooke Walker','Particulier','Unit 2190 Box 9933, DPO AA 78367','001-653-356-3390x4444','robinsonstacy@example.com'),(2,'Misty Christian','Bar','944 Thomas Parks, West Leahville, AZ 26840','587.909.0952','hgilmore@example.org'),(3,'Bridges, Perez and Moses','Restaurant','320 Amber Drives, South Lindafort, OR 98644','826.877.6233','gallowaywalter@example.net'),(4,'Carpenter-Hopkins','Restaurant','548 Sandra Views Apt. 710, Taylorport, CT 90853','(799)470-9919x05010','toni61@example.net'),(5,'Tyler, Johnson and Little','Bar','02631 Amber Cove Apt. 507, Deanbury, IL 76258','935.487.9059x1647','josephscott@example.org'),(6,'Kelly Petersen','Bar','86876 Stephanie Streets Suite 173, Stevenshire, TN 79510','538.226.4144x60555','tiffany92@example.org'),(7,'Davis-Brown','Bar','4207 Steven Knoll, Port Michelle, MH 91516','885-394-4014','rachel91@example.net'),(8,'Christopher Lewis','Bar','249 Alicia Avenue Suite 726, Laurieburgh, KS 67892','(569)222-6168x56991','wanda00@example.com'),(9,'Mcguire-Campbell','Bar','800 Hodge Island Apt. 042, Nathanchester, MO 29372','416.413.4361x59312','jay43@example.com'),(10,'Christopher Mccarthy','Particulier','118 Morgan Square, North Jeremiahmouth, KS 71082','952-311-3866x44538','kayla39@example.org'),(11,'John Bell','Bar','0149 Russell Rest, South Walter, TN 99068','+1-469-627-3890','bradfordjeffrey@example.com'),(12,'Shane Jones','Restaurant','88611 Roman Crescent Suite 058, Jamesview, SC 18602','001-575-390-9579x46057','huanghayley@example.net'),(13,'Terri Mitchell','Particulier','5187 Bean Springs, Patelland, NJ 31586','+1-528-446-8444x91925','xhernandez@example.net'),(14,'Lauren Medina','Restaurant','3565 Kimberly Springs Apt. 313, Adamsfort, FL 88392','236-921-7667x1403','rodriguezjennifer@example.com'),(15,'Jesse Turner','Bar','162 Christopher Underpass Apt. 548, Ambermouth, FL 45962','+1-703-294-3263x96627','clayjoshua@example.org'),(16,'Gomez-Fowler','Particulier','8352 Allen Streets, North Donna, ND 47612','001-925-293-2906x2659','michaelpollard@example.org'),(17,'Johnson LLC','Restaurant','770 Kimberly Wall, Rebeccashire, NJ 36394','+1-673-909-3449','nparker@example.com'),(18,'Sean Bradshaw','Bar','1951 Huber Inlet Apt. 382, South Shannon, ND 04219','927-716-1581x7817','michael14@example.org'),(19,'Marcus Perez','Restaurant','151 Reeves Springs Suite 827, West Richard, OK 68069','8629304893','russelllance@example.net'),(20,'Ferguson, Mills and Ellison','Particulier','813 Monica Unions, West Jamesville, VA 43673','001-805-327-1318x362','michael90@example.com'),(21,'King Group','Restaurant','077 James Forest Suite 304, North Holly, MS 53971','001-206-289-8470x76472','charles47@example.org'),(22,'Robert Reese','Restaurant','043 Timothy Falls, North Alishabury, NE 70282','+1-274-941-1350x13753','osmith@example.net'),(23,'Michael Quinn','Restaurant','33634 Steven Estates Suite 183, New Michael, GA 01418','668.865.4915x07810','jonathan46@example.net'),(24,'Darlene Munoz','Particulier','484 Collier Pike, West Andrew, AL 61275','291.898.7779x378','pamela52@example.net'),(25,'Sanchez, Walters and Hall','Restaurant','28885 Weiss Skyway, Millerburgh, MI 69768','303.339.0082','christopherrice@example.com'),(26,'Bryan Garcia','Restaurant','25422 Kim Villages, Port Amanda, RI 25401','001-942-254-9293x766','kingchelsea@example.org'),(27,'Karina Martin','Particulier','63948 Wilson Place, Valdezport, AS 60463','233.963.1208x365','nicholas63@example.org'),(28,'Taylor, Huffman and Henderson','Bar','13505 Brian Road Apt. 381, East Ashleyville, CA 06768','001-334-377-7698x857','james44@example.net'),(29,'Li-Forbes','Restaurant','522 Rebecca Islands Suite 091, West Glenn, WV 49047','(634)913-8723x686','johnsonbrandi@example.net'),(30,'Christopher Smith','Particulier','142 Timothy Well Apt. 471, Port Karashire, RI 19799','757-414-6798','reginaldsmith@example.net'),(31,'Smith LLC','Bar','71827 Smith Ways Suite 284, Mccoyview, DC 23348','(277)389-0566','kellyjohnson@example.com'),(32,'Jacob Marks','Bar','801 Miller Path Suite 729, Reginaldtown, AR 11002','(269)922-8271x9041','penamary@example.net'),(33,'Joseph Ellison','Particulier','217 Moore Manors Apt. 099, Clarencetown, HI 82123','994.858.9115x25132','maryadams@example.org'),(34,'James Lopez','Bar','4965 Kelly Row, South David, FL 16429','8326503170','aaronhernandez@example.net'),(35,'Vasquez Inc','Bar','6076 Mahoney Viaduct, Elizabethberg, OH 43484','001-675-776-3670x610','jennifer06@example.net'),(36,'Green LLC','Particulier','8023 Sean Cape Apt. 037, Jeffreyside, NJ 48344','001-871-301-5290x0846','baileyadrian@example.com'),(37,'Krista Tucker','Restaurant','808 Vincent Key Suite 397, West Brianhaven, AL 39086','744-898-2724x329','annaalexander@example.net'),(38,'Charles Brown','Particulier','PSC 8524, Box 6736, APO AE 59802','958-758-6948x4355','dominique16@example.net'),(39,'Kayla Hodge','Bar','Unit 3287 Box 5934, DPO AA 46453','605.535.4070x78992','allenkatherine@example.net'),(40,'Donna Spencer','Particulier','1166 Phillips Rue Apt. 715, Elizabethberg, CO 99830','(436)567-0387x8574','zachary12@example.com'),(41,'William Hooper','Bar','384 Jason Squares, South Anne, IL 52286','7147945733','robert41@example.org'),(42,'Paul Reyes','Bar','75075 Charles Lodge, Carterfort, IA 20912','(597)580-1014','hmcintosh@example.com'),(43,'Christopher Barrett','Particulier','42387 Rebecca Center Suite 556, Bowersshire, VI 62163','(508)807-0590x113','jacob34@example.org'),(44,'Chad Waters','Bar','Unit 8881 Box 3931, DPO AP 48866','001-525-911-8126','xsmith@example.net'),(45,'Dustin Davis','Restaurant','848 Cooper Falls Suite 977, Rodriguezfurt, CA 06479','(968)396-3201','larry76@example.com'),(46,'Megan Mccarthy','Particulier','Unit 2619 Box 5692, DPO AE 93478','448.783.5004x29185','michelle56@example.com'),(47,'Carol Prince','Bar','2569 Brown Highway Suite 093, West Allisonburgh, WY 39186','(710)404-6856','john60@example.org'),(48,'Schneider and Sons','Bar','Unit 5456 Box 8753, DPO AE 82018','5132095905','sean55@example.com'),(49,'Flynn-Thompson','Bar','9896 Lawrence Overpass Apt. 145, North Tiffanybury, VA 31662','001-238-259-5781x47638','katherinecabrera@example.net'),(50,'Lonnie Torres','Bar','00725 Christina Ramp Apt. 072, South Andrew, ID 29231','2865441014','lynnroberts@example.net'),(51,'Cruz, Rogers and Keller','Restaurant','287 Santiago Drives Apt. 813, Solisview, NJ 64443','(213)327-8572x762','sware@example.org'),(52,'Sims, Snyder and Walters','Bar','13678 Fry Cape, Salinasport, DC 96766','7557778166','hernandezdawn@example.org'),(53,'Johnson, Henderson and Alexander','Restaurant','3414 Wyatt Mills Apt. 036, East Johnborough, RI 44899','2417782448','janice06@example.net'),(54,'Medina, Benton and Anderson','Restaurant','303 John Trail Suite 860, North Emily, WI 69278','(364)343-3779x7354','stanley63@example.com'),(55,'Miller-Jimenez','Restaurant','18058 Paula Stream Apt. 402, Elizabethmouth, MI 75102','489.901.1518x3925','jeromeryan@example.net'),(56,'William Phillips','Particulier','4114 John Mill Suite 981, Sethberg, KS 26739','850.681.0456x97540','rachelglass@example.org'),(57,'Osborne, Vaughn and Dixon','Restaurant','840 William Creek, West Matthewhaven, ME 85420','614.874.6698','kathysanchez@example.com'),(58,'Moreno-Villanueva','Particulier','61137 Thomas Center, Hunterland, MP 91795','473.753.3681','nicole42@example.net'),(59,'Jonathan Perez','Particulier','59975 Roy Road Suite 821, Kiddport, SC 55609','336-767-7086','timothysantana@example.net'),(60,'Thomas Gonzalez','Bar','PSC 9554, Box 3609, APO AP 30777','(480)927-8731x626','amanda98@example.net'),(61,'Robin Fisher','Particulier','01110 Eugene Alley, Andrewsshire, AZ 70652','(595)480-0976x5059','sydney54@example.org'),(62,'Richard Hall','Particulier','355 Boyer Fields Apt. 482, Knightchester, AS 45559','781.567.3223x071','anna83@example.net'),(63,'Smith PLC','Restaurant','1683 Hudson Corners, Bradleyport, AK 22734','001-363-442-6989','kevin76@example.com'),(64,'Brooke Stewart','Bar','79721 Donna Drives, Seanview, NC 65665','(865)975-3108','mdavis@example.com'),(65,'Martinez, Holden and Knight','Particulier','62971 Mathis Pine, Port Derek, VA 52815','9679122018','benjaminwilliams@example.net'),(66,'Conner Ltd','Particulier','2224 Becker Squares Suite 120, Kyleland, NJ 61095','(972)927-4415x915','torresmatthew@example.org'),(67,'Jason Stewart','Bar','40364 Strong Shoal Apt. 546, West Derekmouth, NC 04261','001-305-671-5899x638','ifields@example.net'),(68,'Hall-Chapman','Restaurant','8057 Sean Highway, North Evan, HI 20264','001-373-871-9705x7908','john52@example.org'),(69,'Adams, Butler and Mclean','Particulier','76216 Stevens Flats, Johnsonside, NY 10367','442.666.6430x48090','williamsonjennifer@example.com'),(70,'William Winters','Bar','811 Jennifer River, New Dennis, IL 73514','001-261-525-3047x248','diazjennifer@example.net'),(71,'Castillo, Bolton and Chan','Bar','3414 Simpson Gateway Apt. 273, North Jennifertown, DE 30369','001-791-727-8792x7614','kim55@example.org'),(72,'Gaines-Wallace','Bar','18785 Jimmy Haven Apt. 627, New Aaron, WI 58986','+1-681-471-8450x64728','hayeskristie@example.org'),(73,'Nguyen, Knox and Burns','Bar','52528 Novak Burgs Suite 066, Ashleyton, OR 95303','001-336-828-4641x18005','sancheznancy@example.com'),(74,'Michael Brown','Particulier','PSC 6236, Box 4261, APO AP 39855','+1-859-354-9665','bstafford@example.com'),(75,'Richard Perez','Particulier','17148 Smith Mews, New Michelle, VI 19602','(651)498-7205','wademegan@example.net'),(76,'Kimberly Austin PhD','Restaurant','666 Marc Shoals Apt. 328, Amandaburgh, FM 03813','(694)471-1824','sheila37@example.org'),(77,'Martin and Sons','Bar','76814 Jose Prairie, Matthewchester, NY 71632','479-845-6232x65010','leelinda@example.com'),(78,'Vincent Hooper','Bar','241 Sloan Rapid, Tinafort, KS 53291','(595)384-0565x222','alyssa42@example.net'),(79,'Douglas Inc','Particulier','304 Smith Mews Apt. 537, East Robert, TX 92933','843.589.1001','leslie50@example.org'),(80,'Molly Thompson','Restaurant','49544 Kyle Trace Apt. 636, Crystalberg, OK 93338','(589)921-9867x959','manningmichelle@example.com'),(81,'Felicia Garcia','Particulier','73174 Sandra Hill, Millerborough, MH 30997','+1-497-387-8397x991','mcampbell@example.org'),(82,'Amanda Turner','Bar','62831 Jessica Fort Apt. 019, East Ashlee, MP 09329','793.902.6618x46430','hannah17@example.org'),(83,'Liu-Williams','Particulier','1740 Robert Trace Apt. 637, Atkinshaven, NY 18167','001-777-646-2654x131','elizabethmcknight@example.com'),(84,'Watts, Hines and Parks','Restaurant','54850 Todd River Suite 074, Beckyfurt, UT 98042','(802)549-3196x5907','garrisonangela@example.net'),(85,'Angela Fowler','Restaurant','97479 Lindsey Vista Apt. 157, Markfurt, MN 47663','(788)423-7930','justinhuynh@example.com'),(86,'Christy Blake','Particulier','5651 Jeffrey Cape, West Elizabeth, VA 42576','+1-286-727-4005x96918','catherine00@example.com'),(87,'Jennifer Miller','Restaurant','4655 Alexander Ridge, Lake Isabellamouth, VA 03351','702.431.9159x614','jessica38@example.net'),(88,'Kelli Hayden','Bar','6025 Elizabeth Gateway Apt. 796, East Grant, MT 84588','667-315-3092x37640','warebryan@example.com'),(89,'Brady LLC','Particulier','03601 Harris Gardens, West Benjamin, RI 19697','(867)297-7405x9830','serranoryan@example.net'),(90,'Theresa Cisneros','Bar','186 Cox Mission Suite 877, Lake Ashley, NJ 69579','676-429-3114x01176','louis04@example.net'),(91,'Stevens-Rivera','Bar','93664 Campos Parkway Apt. 519, West Samanthatown, SD 03906','(577)873-6158','adam82@example.org'),(92,'Cameron Taylor','Restaurant','9206 Craig Plaza, Lake Whitney, NC 35313','+1-755-917-4507','shelbyrussell@example.com'),(93,'Katherine Wheeler','Bar','5602 Harris Trail Apt. 306, Lake Johnfurt, NY 92135','3704472281','wjohnson@example.com'),(94,'Harrell-Griffith','Restaurant','3934 Ortiz Mill, Jeremyshire, HI 08233','(435)571-2286','timothy92@example.org'),(95,'Ian Medina','Particulier','0726 Harris Ports Apt. 187, Lake Joshuaberg, KS 80205','729.601.0690x2661','sonyamartin@example.net'),(96,'Nathan Miller','Particulier','893 Jonathan Ranch, East Whitneychester, AL 88088','634.936.0488','kayla51@example.com'),(97,'Joseph Avila','Restaurant','7974 Lauren Extension, Hammondtown, PW 14162','+1-889-342-4469','chrisgarrett@example.org'),(98,'Cherry and Sons','Bar','USNV Guerra, FPO AE 43739','+1-533-845-5643x7385','curtistran@example.com'),(99,'Kevin Jones','Restaurant','29636 Jennifer Underpass, Krystalberg, SC 59076','001-690-505-4439x59543','vferguson@example.com'),(100,'Kathleen Le MD','Bar','USCGC Spears, FPO AA 74225','(993)673-6182x911','kimberly38@example.com'),(101,'Campbell, Lowe and Wiggins','Bar','327 Timothy Loop Apt. 756, Pageton, WI 42630','001-659-444-7396x9478','abecker@example.org'),(102,'Gregory Jefferson','Particulier','62402 Hudson Rest Suite 846, West David, CT 77371','599-940-4122x470','natalie72@example.net'),(103,'Garza, Kim and Mann','Restaurant','100 Victoria Gateway, Michaelhaven, NY 78616','789-564-5245x039','dakota52@example.org'),(104,'Marcus Pham','Particulier','278 Reid Row, Johnsonborough, NC 73545','432-550-0564x91791','robert21@example.net'),(105,'Peter Harrington','Bar','8500 Vazquez Springs, Elizabethshire, WI 95826','745-479-3790','ashleecarter@example.com'),(106,'Mark Curtis','Bar','83086 Charles Center, Travisburgh, WI 63988','+1-923-246-7393','jason58@example.com'),(107,'Scott PLC','Bar','43202 Kyle Corners Suite 922, Port Jefferyton, NC 96710','(966)632-7162','tina26@example.org'),(108,'Brian Sherman','Particulier','4209 Mccoy Drive, Haysburgh, TX 23087','349-256-1408','hgreene@example.com'),(109,'Gonzalez Group','Particulier','380 Thomas Tunnel, West Craig, MO 21775','662.427.4395x0853','qanderson@example.net'),(110,'Jones-Berg','Particulier','Unit 3215 Box 0421, DPO AE 39276','268.507.4899','michael93@example.com'),(111,'Anderson-Griffith','Restaurant','373 Morris Crescent Suite 984, North Jamesville, TN 29651','416.363.1998','nsmith@example.com'),(112,'Kimberly Duncan DVM','Particulier','2336 Kathryn Lake Apt. 755, West Eric, TX 83235','+1-358-785-8118','daniel82@example.net'),(113,'Hall-Larson','Restaurant','124 Edgar Knoll Apt. 287, New Troy, GU 95939','4843678827','millerjessica@example.net'),(114,'Washington and Sons','Bar','Unit 6238 Box 6643, DPO AA 15569','001-673-779-4240','davidsonryan@example.com'),(115,'Kenneth Gomez','Bar','43019 Michael Via, North Jeffrey, AR 32572','740.665.1624','colton73@example.org'),(116,'Cole Cantu','Restaurant','15548 Hayden Station Apt. 525, Watsonville, GA 67882','377-434-5678','hilllisa@example.net'),(117,'Jason Figueroa','Particulier','98316 Richard Highway, Monicafort, CA 21477','525-748-0018','jessica27@example.com'),(118,'Petty, Harmon and Beck','Restaurant','68605 Rich Parks Suite 858, Isaacfort, KY 39555','+1-363-888-5618x4735','hansonmelissa@example.com'),(119,'Daniel Martin','Bar','29649 Ian Inlet Apt. 916, New Lindseyshire, MH 91451','4514004731','marthacollier@example.net'),(120,'Henry, Neal and Morris','Restaurant','122 Nielsen Drive Apt. 893, East Caitlinchester, NV 87287','+1-719-209-8291','jason85@example.com'),(121,'Steven Hernandez','Restaurant','48942 Fry Summit Suite 884, East Caitlinborough, NE 88969','+1-550-688-3242','amy34@example.org'),(122,'Mcdonald LLC','Bar','798 April Viaduct Apt. 965, South Martin, OK 45540','904.801.9714','john61@example.com'),(123,'Robert Johnson','Bar','7973 Christopher Gardens, Williamsmouth, FM 91481','(570)689-1283x37489','qyoung@example.net'),(124,'Roger Harding','Bar','1572 Michael Port Suite 687, Nicholastown, HI 12606','9923992805','riverakerry@example.net'),(125,'Johnson, Taylor and Bowen','Bar','706 Ashley Garden Suite 839, Aprilshire, PW 10358','386-232-6167x777','tonya94@example.net'),(126,'Gray Inc','Bar','77170 Christopher Cliffs, Masonport, MD 72108','(692)405-5139x664','abrown@example.org'),(127,'Suzanne Barnes','Restaurant','PSC 2905, Box 9665, APO AA 95329','001-748-582-3054','beckerronald@example.com'),(128,'Monica Moran','Bar','152 King Harbor, Edwardhaven, MO 43221','8392079857','athomas@example.com'),(129,'Deanna Jordan','Particulier','797 Michelle Flats Suite 613, Stevenfort, NM 36645','301-680-7015','smithvictoria@example.org'),(130,'Robert Durham','Particulier','Unit 2344 Box 9530, DPO AE 37568','(867)687-5621x7068','elizabeth97@example.net'),(131,'Cantrell-Molina','Particulier','89558 Campbell Rapids, Wilkersonchester, NM 31024','344.907.0394x067','lauraatkinson@example.com'),(132,'Justin Powell','Restaurant','50486 Mariah Walk, West Andrew, SD 65210','6747366306','perkinsjoshua@example.net'),(133,'Vincent Maxwell','Restaurant','187 Frederick Bypass, Derekview, MD 45626','688-269-4610x8159','fwilkerson@example.com'),(134,'Melissa Tyler','Particulier','940 Garcia Branch Suite 832, Port Christopher, DC 60369','001-683-435-2774','pmoore@example.net'),(135,'Gray Group','Bar','956 Thomas Cliff, Louistown, NJ 87759','4916376818','stevenmitchell@example.com'),(136,'Mark Saunders','Particulier','3474 Koch Parkways Suite 978, West Scottburgh, WV 34326','+1-911-715-7617x3368','kendra29@example.net'),(137,'Smith PLC','Bar','905 Madison Groves Suite 519, Morganview, RI 53424','288-652-1611x8640','callahanbrenda@example.org'),(138,'Porter Group','Restaurant','278 Richard Fall Suite 352, Westtown, NE 62033','488-704-0022','mcdonaldeduardo@example.net'),(139,'Perkins-Webb','Bar','135 Brown Ports, Garyland, PW 30709','001-302-854-7648x408','martinwilliam@example.org'),(140,'Robinson PLC','Bar','463 Calvin Landing, Port Sandraport, NC 03916','689.660.8541x010','owensseth@example.org'),(141,'Johnson Inc','Restaurant','57444 Smith Mall, Arnoldview, IN 07050','(963)909-2156x2245','snelson@example.net'),(142,'Dawn Dennis','Restaurant','242 Jones Parkway, Rileyport, IL 01351','(792)720-1631x923','sanderscarlos@example.net'),(143,'Webb-Sanchez','Restaurant','87301 Patricia Stream Apt. 353, Rayshire, ID 05996','(320)411-2825x47015','williamsanthony@example.org'),(144,'Moses Ltd','Particulier','8180 Alyssa Roads Suite 809, Kimberg, OK 17869','001-353-420-8357x8928','lboyd@example.org'),(145,'Julia Stone PhD','Restaurant','064 Sarah Drives, Jennaton, KS 37501','+1-566-416-9455x26514','seanlang@example.net'),(146,'Collier, Anderson and Salas','Particulier','856 Kimberly Divide, Andrewstad, HI 73500','660-634-0969x565','haleywalker@example.net'),(147,'Willis Group','Restaurant','68344 Gray Stravenue, Rhondaton, PW 99403','2346804407','dianebishop@example.net'),(148,'Flynn, Campbell and Hart','Particulier','3879 Clark Drive Apt. 081, Frankmouth, IL 03001','001-292-885-5375x4501','wwright@example.net'),(149,'Sandoval-Perez','Restaurant','161 Thompson Land, North Valerie, GA 66069','(428)823-0075x652','nancyjones@example.net'),(150,'Garcia, Marshall and Sanchez','Bar','7219 Webb Lake, New Heidi, ND 98238','679.276.1772x544','malonesandra@example.com');
/*!40000 ALTER TABLE `Client` ENABLE KEYS */;
UNLOCK TABLES;

--
-- Table structure for table `Commande`
--

DROP TABLE IF EXISTS `Commande`;
/*!40101 SET @saved_cs_client     = @@character_set_client */;
/*!50503 SET character_set_client = utf8mb4 */;
CREATE TABLE `Commande` (
  `id` int NOT NULL,
  `id_client` int NOT NULL,
  `date_commande` text NOT NULL,
  `montant_total` double NOT NULL,
  `date_livraison` text NOT NULL
) ENGINE=InnoDB DEFAULT CHARSET=utf8mb4 COLLATE=utf8mb4_0900_ai_ci;
/*!40101 SET character_set_client = @saved_cs_client */;

--
-- Dumping data for table `Commande`
--

LOCK TABLES `Commande` WRITE;
/*!40000 ALTER TABLE `Commande` DISABLE KEYS */;
INSERT INTO `Commande` VALUES (1,15,'2024-03-21',25.57,'1990-12-23'),(2,100,'2025-02-16',324.72,'2020-12-30'),(3,6,'2025-02-09',89.43,'2015-12-08'),(4,123,'2025-01-09',128.53,'2017-06-25'),(5,27,'2024-05-08',203.67,'2019-11-17'),(6,123,'2025-02-22',298.33,'2024-12-10'),(7,25,'2024-09-10',67.07,'2018-12-18'),(8,49,'2024-06-19',180.74,'1970-06-18'),(9,121,'2024-07-30',190.01,'2018-09-18'),(10,15,'2024-12-25',388.51,'1976-01-01'),(11,64,'2024-06-25',334.86,'2019-06-23'),(12,12,'2024-09-13',183.14,'2025-02-19'),(13,36,'2024-07-29',160.08,'1973-12-16'),(14,24,'2025-01-04',398.23,'1987-12-17'),(15,57,'2024-09-15',239.14,'1992-04-09'),(16,93,'2024-06-03',250.46,'1983-08-18'),(17,71,'2024-04-06',274.34,'1981-01-15'),(18,129,'2024-11-21',282.22,'1991-12-08'),(19,69,'2024-12-04',242.5,'1988-12-11'),(20,58,'2024-04-18',364.03,'1981-07-25'),(21,93,'2024-06-11',428.61,'2008-06-04'),(22,36,'2024-04-25',363.78,'1983-01-10'),(23,26,'2024-10-12',329.06,'2014-10-11'),(24,61,'2024-10-20',138.8,'2000-06-28'),(25,95,'2024-08-14',180.59,'2008-01-16'),(26,75,'2024-10-24',310.59,'2018-04-30'),(27,143,'2024-11-24',177.29,'1984-10-26'),(28,7,'2024-09-01',26.66,'1987-03-21'),(29,45,'2024-10-30',217.96,'1994-03-03'),(30,72,'2024-08-22',142.78,'2023-03-20'),(31,7,'2024-08-10',134.44,'2022-01-14'),(32,65,'2024-04-22',169.49,'1976-02-23'),(33,128,'2025-01-01',166.37,'1997-04-14'),(34,98,'2025-02-21',41.39,'1983-09-16'),(35,148,'2024-05-25',306.35,'2008-05-15'),(36,58,'2025-01-15',451.08,'2016-12-06'),(37,134,'2024-10-25',258.35,'2011-11-06'),(38,52,'2024-12-12',336.89,'1996-04-02'),(39,97,'2024-09-30',108.08,'2022-09-22'),(40,42,'2025-02-22',325.89,'1982-05-29'),(41,102,'2025-01-24',342.62,'2007-11-15'),(42,95,'2024-05-17',62.55,'1979-09-18'),(43,139,'2024-11-05',487.23,'2001-01-25'),(44,23,'2024-08-15',475.3,'1982-06-07'),(45,29,'2024-06-08',31.09,'1998-02-27'),(46,142,'2025-01-06',436.38,'1988-04-20'),(47,64,'2024-11-17',40.22,'1972-07-06'),(48,68,'2024-12-02',234,'1984-04-03'),(49,116,'2024-07-16',300.31,'1983-04-14'),(50,45,'2025-02-21',405.27,'2011-09-20'),(51,144,'2024-07-04',115.95,'2018-08-27'),(52,75,'2024-09-23',179.31,'1992-08-19'),(53,83,'2024-04-08',65.97,'1989-11-23'),(54,31,'2024-04-05',90.5,'1983-03-19'),(55,128,'2025-03-08',34.57,'2010-06-13'),(56,10,'2024-08-16',58.54,'2015-11-16'),(57,39,'2024-06-30',261.98,'1991-11-14'),(58,96,'2024-07-21',35.53,'2013-02-17'),(59,53,'2024-06-23',227.87,'2006-10-21'),(60,33,'2025-03-02',28.3,'2023-05-09'),(61,66,'2024-07-22',302.51,'1984-02-05'),(62,74,'2024-03-09',117.27,'1987-08-14'),(63,55,'2024-07-18',53.88,'1982-05-18'),(64,113,'2024-04-11',60.77,'2011-05-14'),(65,60,'2024-08-23',473.48,'1998-01-23'),(66,57,'2024-04-13',371.84,'2017-02-04'),(67,28,'2024-07-08',267.38,'1975-07-18'),(68,92,'2024-10-29',129.22,'1977-02-25'),(69,133,'2025-01-07',184.71,'2000-02-08'),(70,5,'2024-11-02',261.63,'1974-08-24'),(71,25,'2024-05-06',154.07,'2003-06-20'),(72,83,'2025-02-18',45.9,'2009-02-09'),(73,103,'2024-06-04',306.49,'1999-09-19'),(74,67,'2024-10-03',115.54,'1976-06-27'),(75,46,'2024-08-06',190.05,'2000-09-12'),(76,56,'2025-01-08',400.37,'1993-01-13'),(77,29,'2024-05-20',44.09,'2019-01-21'),(78,11,'2024-10-22',307.25,'2000-03-18'),(79,79,'2025-02-27',276.47,'2005-09-25'),(80,112,'2024-03-23',349.09,'2022-10-07'),(81,80,'2025-01-28',312.31,'2021-04-17'),(82,39,'2024-08-07',489.96,'1991-04-13'),(83,103,'2024-05-31',295.88,'2022-09-22'),(84,50,'2024-05-27',311.29,'1998-06-21'),(85,42,'2024-05-16',461.63,'2004-01-30'),(86,2,'2025-01-07',190.93,'2007-08-22'),(87,51,'2024-04-11',452.59,'2013-06-27'),(88,147,'2024-03-24',384,'2020-06-27'),(89,120,'2024-05-20',257.6,'2018-06-01'),(90,9,'2024-07-08',170.69,'1981-03-10'),(91,117,'2025-02-12',383.56,'1989-06-23'),(92,21,'2024-12-12',68.24,'1977-06-08'),(93,6,'2024-12-30',286.32,'1973-12-23'),(94,42,'2024-09-29',284.46,'2011-06-13'),(95,114,'2024-04-04',194.43,'1989-04-02'),(96,105,'2025-02-21',172.89,'2011-01-27'),(97,44,'2025-02-26',410.12,'2000-09-09'),(98,27,'2024-05-05',494.64,'2023-03-13'),(99,98,'2024-11-09',437.44,'1980-11-24'),(100,16,'2024-09-12',100.47,'1985-06-05'),(101,100,'2025-02-04',352.6,'1998-06-16'),(102,4,'2024-12-31',101.85,'1984-11-22'),(103,7,'2024-04-16',408.04,'1981-11-20'),(104,146,'2024-10-29',230.49,'1972-07-03'),(105,13,'2024-12-19',83.97,'2023-12-26'),(106,122,'2024-06-17',42.63,'1975-10-08'),(107,10,'2024-05-06',215.36,'1994-08-08'),(108,8,'2024-04-07',272.02,'1983-12-16'),(109,65,'2025-01-20',266.19,'1997-07-01'),(110,118,'2024-04-16',188.15,'1982-04-19'),(111,38,'2025-03-07',228.34,'2020-06-08'),(112,35,'2024-10-22',134.31,'1982-01-06'),(113,84,'2024-10-05',161.18,'1987-02-06'),(114,72,'2025-02-10',92.87,'1999-03-07'),(115,66,'2024-09-17',161.58,'1978-07-23'),(116,37,'2025-02-02',296.84,'1984-03-12'),(117,27,'2024-05-14',121.23,'2012-06-11'),(118,47,'2025-02-03',366.28,'1977-10-24'),(119,1,'2024-12-11',130.44,'1989-06-04'),(120,20,'2024-09-29',409,'1975-11-19'),(121,12,'2024-12-03',489.82,'1996-03-10'),(122,18,'2024-05-28',398.65,'1978-05-11'),(123,71,'2024-05-16',81.33,'2002-02-04'),(124,121,'2025-01-20',56.72,'2019-11-04'),(125,144,'2024-11-12',173.8,'2017-10-10'),(126,48,'2025-01-19',155.1,'1977-11-01'),(127,49,'2024-10-20',29.33,'1979-04-17'),(128,104,'2024-06-08',457.49,'1981-05-31'),(129,63,'2024-12-01',137.44,'1999-04-07'),(130,55,'2024-09-15',474.59,'1982-05-02'),(131,46,'2025-02-09',250.6,'1974-03-25'),(132,82,'2024-05-07',320.83,'2008-09-20'),(133,93,'2024-05-23',145.39,'1991-01-19'),(134,53,'2024-12-02',323.93,'1975-06-03'),(135,95,'2024-06-11',243.25,'1996-12-13'),(136,127,'2024-05-11',438.54,'2011-05-08'),(137,14,'2024-05-07',206.31,'1990-10-02'),(138,60,'2024-03-12',196.47,'2004-08-24'),(139,96,'2024-09-20',452.29,'1995-05-07'),(140,29,'2024-06-22',471.94,'1985-07-29'),(141,109,'2024-06-14',305.52,'1997-07-21'),(142,39,'2024-07-28',479.99,'1995-08-11'),(143,61,'2024-09-12',73.97,'1981-05-27'),(144,78,'2025-01-03',143.15,'1980-10-13'),(145,1,'2024-09-27',29.8,'1986-05-03'),(146,96,'2024-04-09',206.93,'2000-09-12'),(147,57,'2024-04-26',41.7,'1998-04-22'),(148,13,'2024-09-12',388.54,'2012-12-08'),(149,142,'2024-09-14',386.97,'2006-11-01'),(150,90,'2024-12-09',99.05,'1997-05-08'),(151,67,'2024-12-17',136.48,'1995-08-04'),(152,25,'2024-08-10',138.48,'1993-09-27'),(153,136,'2025-03-06',155.51,'2016-04-29'),(154,42,'2024-11-13',192.25,'2016-11-01'),(155,100,'2024-09-06',127.86,'1997-01-28'),(156,146,'2024-11-07',343.6,'1989-07-11'),(157,50,'2024-10-28',320.47,'2020-01-15'),(158,62,'2024-07-04',424.89,'2004-05-14'),(159,74,'2024-07-12',60.18,'1976-09-29'),(160,20,'2024-08-06',430.84,'2020-04-06'),(161,21,'2024-10-22',268.56,'2016-05-25'),(162,21,'2024-07-28',370.62,'1977-02-02'),(163,19,'2024-08-15',374.18,'1991-09-27'),(164,125,'2024-08-23',413.96,'1975-10-17'),(165,122,'2024-08-13',455.25,'2014-06-04'),(166,100,'2025-02-06',302.95,'1983-05-23'),(167,37,'2025-01-13',306.98,'1975-11-18'),(168,133,'2025-02-07',130.08,'1992-03-01'),(169,99,'2024-08-24',199.24,'1978-04-27'),(170,105,'2024-07-27',421.97,'2016-11-18'),(171,38,'2024-05-15',176.76,'1983-07-14'),(172,124,'2024-03-11',119.44,'1989-03-04'),(173,104,'2024-05-14',457.89,'2014-02-17'),(174,113,'2024-07-11',36.04,'1994-10-31'),(175,117,'2024-03-29',59.16,'2012-10-07'),(176,52,'2024-07-26',28.44,'1970-12-13'),(177,141,'2024-07-06',193.96,'1984-07-09'),(178,51,'2024-09-10',495.55,'2000-02-05'),(179,147,'2024-12-02',232.75,'1971-06-25'),(180,18,'2024-12-09',181.64,'1984-05-13'),(181,13,'2024-12-16',181.89,'2002-05-29'),(182,134,'2025-01-21',405.76,'1988-04-10'),(183,7,'2024-07-27',485.98,'1988-01-22'),(184,87,'2024-03-21',92.85,'1984-10-22'),(185,136,'2024-08-11',382.96,'1993-02-22'),(186,137,'2024-08-09',382.02,'1982-12-30'),(187,32,'2024-12-12',376.11,'1989-09-26'),(188,65,'2024-12-24',324.48,'2012-03-11'),(189,98,'2024-03-10',327.16,'1978-06-09'),(190,16,'2024-04-11',75.91,'1997-07-02'),(191,59,'2024-07-24',137.45,'2020-02-08'),(192,128,'2024-09-04',454.5,'1974-11-17'),(193,57,'2024-12-16',192.19,'2004-11-19'),(194,119,'2024-09-08',68.29,'2010-09-25'),(195,127,'2024-06-12',315.61,'2000-07-01'),(196,66,'2025-02-28',449.37,'1972-04-03'),(197,145,'2024-12-11',77.29,'1982-04-30'),(198,4,'2024-06-17',459.75,'1984-08-16'),(199,129,'2024-12-31',465.98,'1988-11-02'),(200,29,'2024-08-27',165.61,'2022-06-06'),(201,48,'2025-02-03',108.06,'1999-10-20'),(202,148,'2025-02-06',141.75,'1996-12-26'),(203,51,'2024-10-28',64.35,'2008-10-25'),(204,94,'2024-08-27',45.2,'1971-09-25'),(205,103,'2024-12-31',425.02,'1989-06-02'),(206,35,'2024-12-25',401.37,'1973-05-12'),(207,91,'2024-07-19',465.66,'1974-01-01'),(208,72,'2025-02-16',490.58,'1974-08-11'),(209,138,'2024-08-24',472.75,'1981-01-14'),(210,47,'2024-11-06',35.34,'2003-10-29'),(211,20,'2025-02-03',179.54,'2015-04-03'),(212,60,'2024-05-03',284.94,'1976-06-08'),(213,72,'2024-12-27',343.05,'2023-03-22'),(214,145,'2024-12-13',470.75,'1988-04-04'),(215,47,'2025-01-17',281.93,'2011-07-29'),(216,145,'2024-06-21',338.91,'1982-10-08'),(217,97,'2025-02-05',160.85,'1989-12-19'),(218,120,'2024-08-17',449.72,'1979-12-01'),(219,6,'2024-12-28',332.25,'1998-06-22'),(220,126,'2024-04-22',477.42,'2007-10-10'),(221,108,'2025-03-01',147.99,'2010-10-11'),(222,34,'2025-01-06',123.92,'1976-08-17'),(223,66,'2024-07-21',67.12,'2006-01-14'),(224,26,'2024-04-22',86,'2022-12-13'),(225,123,'2024-09-13',325.95,'1976-03-02'),(226,137,'2025-03-03',393.05,'2019-01-12'),(227,126,'2024-03-12',344.26,'1990-05-29'),(228,84,'2024-09-06',108.77,'1978-01-06'),(229,78,'2024-04-11',485.35,'2019-02-25'),(230,80,'2024-05-31',387.59,'2023-11-20'),(231,48,'2024-06-05',76.1,'1993-12-12'),(232,110,'2024-09-19',33.98,'2019-04-01'),(233,29,'2024-03-24',478.31,'1984-09-17'),(234,87,'2024-06-15',193.08,'2022-09-11'),(235,124,'2025-01-25',471.77,'2014-08-06'),(236,136,'2025-02-05',262.35,'1996-06-28'),(237,57,'2024-07-13',428.21,'2000-05-11'),(238,12,'2024-12-30',428.99,'1996-04-23'),(239,73,'2024-12-30',183.36,'1970-11-06'),(240,98,'2024-10-20',150.6,'1987-06-05'),(241,105,'2024-05-12',60.58,'2010-01-23'),(242,50,'2024-11-27',62.87,'1982-05-17'),(243,105,'2024-12-11',22.75,'1977-06-01'),(244,99,'2025-01-11',239.48,'2009-07-05'),(245,1,'2024-04-26',222.98,'2020-05-24'),(246,78,'2025-02-25',381.27,'1974-08-09'),(247,120,'2024-11-01',354.68,'1982-02-04'),(248,104,'2024-03-23',343.06,'1997-07-03'),(249,89,'2024-12-07',369.01,'1990-04-29'),(250,94,'2024-11-13',109.04,'2012-03-13'),(251,143,'2024-06-19',244.04,'1975-01-18'),(252,15,'2024-04-29',340.81,'2000-08-10'),(253,124,'2024-09-06',341.69,'1975-12-02'),(254,26,'2024-07-08',414.96,'1989-07-18'),(255,31,'2025-01-17',153.21,'2006-05-26'),(256,111,'2024-05-09',156.59,'2013-09-20'),(257,74,'2024-05-30',457.89,'1989-04-12'),(258,144,'2025-02-23',440.16,'2018-07-17'),(259,4,'2024-07-31',68.25,'1975-03-16'),(260,59,'2024-10-17',48.02,'2023-07-07'),(261,47,'2024-10-31',149.39,'2005-03-18'),(262,39,'2024-07-29',263.86,'1971-06-28'),(263,142,'2024-09-12',411.47,'1994-03-26'),(264,145,'2024-03-09',431.48,'1971-08-24'),(265,125,'2024-05-18',56.87,'2019-06-22'),(266,127,'2024-12-31',226.71,'1990-01-10'),(267,93,'2024-05-31',63.58,'2015-05-21'),(268,64,'2024-07-08',41.32,'1991-10-29'),(269,40,'2024-06-14',315.9,'2008-10-06'),(270,53,'2024-11-10',51.85,'2022-09-11'),(271,11,'2024-08-25',59.18,'1978-05-10'),(272,25,'2024-07-08',393.4,'1983-03-17'),(273,32,'2024-08-01',489.97,'1991-08-11'),(274,22,'2025-01-31',381.21,'1976-08-29'),(275,105,'2024-04-20',124.97,'1975-06-23'),(276,87,'2024-11-03',474.01,'1979-07-10'),(277,83,'2025-01-28',211.22,'2011-05-08'),(278,92,'2024-08-14',416.98,'1981-04-14'),(279,116,'2024-08-25',202.66,'1995-04-23'),(280,94,'2024-11-26',171.17,'1992-02-17'),(281,29,'2025-03-09',305.14,'2007-01-29'),(282,120,'2024-10-23',203.58,'2020-03-17'),(283,14,'2024-09-21',370.29,'1973-07-18'),(284,44,'2024-04-25',310.02,'2017-08-06'),(285,143,'2024-10-02',386.39,'2009-08-18'),(286,50,'2025-01-17',302.99,'2001-12-28'),(287,30,'2024-08-04',426.63,'2017-12-27'),(288,7,'2024-08-28',34.73,'1988-02-26'),(289,108,'2024-12-26',222.73,'1978-03-23'),(290,111,'2025-02-22',237.92,'2022-10-08'),(291,105,'2024-08-31',220.42,'1978-11-19'),(292,108,'2024-06-13',127.81,'1999-03-24'),(293,149,'2024-08-05',364.99,'2021-11-13'),(294,131,'2024-06-05',184.5,'2015-01-03'),(295,3,'2024-04-14',190.98,'1994-12-05'),(296,126,'2024-11-28',116.81,'1986-05-03'),(297,136,'2025-01-17',363.73,'2010-03-19'),(298,29,'2024-12-22',390.72,'1985-07-31'),(299,103,'2024-05-03',348.64,'2019-06-16'),(300,23,'2024-08-22',278.52,'2016-04-24');
/*!40000 ALTER TABLE `Commande` ENABLE KEYS */;
UNLOCK TABLES;

--
-- Table structure for table `Commande_Detail`
--

DROP TABLE IF EXISTS `Commande_Detail`;
/*!40101 SET @saved_cs_client     = @@character_set_client */;
/*!50503 SET character_set_client = utf8mb4 */;
CREATE TABLE `Commande_Detail` (
  `id_commande` int NOT NULL,
  `id_biere` int NOT NULL,
  `quantite` int NOT NULL
) ENGINE=InnoDB DEFAULT CHARSET=utf8mb4 COLLATE=utf8mb4_0900_ai_ci;
/*!40101 SET character_set_client = @saved_cs_client */;

--
-- Dumping data for table `Commande_Detail`
--

LOCK TABLES `Commande_Detail` WRITE;
/*!40000 ALTER TABLE `Commande_Detail` DISABLE KEYS */;
INSERT INTO `Commande_Detail` VALUES (223,100,10),(122,95,17),(258,12,1),(13,76,14),(268,98,17),(24,91,31),(90,50,14),(66,25,15),(130,82,2),(193,98,47),(89,62,38),(167,25,7),(144,81,34),(173,27,22),(64,47,46),(28,36,36),(279,28,25),(97,98,1),(242,67,40),(219,25,25),(90,65,29),(225,61,25),(132,7,23),(240,40,48),(59,27,24),(162,15,43),(248,83,8),(101,53,1),(150,69,23),(296,59,7),(230,47,18),(106,4,18),(210,66,38),(160,86,4),(193,34,49),(84,66,33),(189,65,26),(240,11,17),(282,36,30),(21,26,7),(143,54,33),(272,22,48),(5,87,40),(237,41,6),(274,84,11),(28,5,34),(268,15,13),(227,34,49),(216,2,7),(210,19,47),(25,99,36),(248,71,11),(99,32,34),(72,56,41),(121,29,50),(257,3,7),(136,82,22),(70,4,22),(111,27,41),(289,34,12),(196,77,5),(48,1,37),(295,50,43),(36,52,21),(283,76,30),(221,62,25),(257,82,16),(198,51,44),(6,9,48),(46,38,40),(128,57,37),(234,36,6),(156,83,16),(133,9,13),(60,100,12),(219,63,33),(111,73,40),(167,23,36),(246,50,44),(49,6,38),(60,61,38),(233,4,34),(142,44,50),(23,57,41),(151,90,43),(248,82,12),(142,37,20),(224,42,33),(138,1,31),(22,6,23),(182,9,25),(115,13,24),(140,97,50),(21,74,38),(61,92,10),(108,45,48),(269,14,9),(169,93,12),(62,91,4),(197,9,21),(265,58,49),(180,87,50),(13,37,8),(121,47,44),(124,94,27),(92,15,16),(168,86,4),(259,71,22),(244,58,14),(62,19,12),(262,5,22),(77,99,1),(207,10,7),(193,69,5),(270,36,38),(11,19,31),(230,42,5),(70,82,48),(79,57,6),(222,49,20),(247,8,2),(188,16,45),(48,69,19),(152,100,33),(103,54,41),(122,33,32),(70,83,40),(258,86,47),(244,12,10),(168,56,26),(171,24,35),(78,19,38),(203,18,36),(69,63,28),(190,40,12),(82,67,10),(41,10,22),(175,22,34),(249,27,39),(30,70,47),(78,42,39),(179,27,26),(298,55,1),(243,61,19),(245,11,37),(208,71,37),(241,53,23),(265,93,11),(186,46,43),(41,6,6),(185,81,32),(214,46,33),(118,71,35),(78,91,26),(281,6,33),(120,53,1),(169,51,37),(228,22,20),(253,49,4),(163,42,29),(266,71,49),(297,82,47),(12,46,30),(297,71,10),(289,82,23),(269,79,35),(60,71,42),(9,15,19),(265,31,44),(145,45,29),(206,22,44),(243,20,41),(133,100,14),(100,88,50),(131,46,13),(212,15,17),(65,68,26),(184,24,42),(217,12,39),(179,58,9),(300,10,9),(217,97,12),(96,6,39),(41,93,42),(238,96,7),(238,65,38),(140,59,32),(51,5,31),(277,44,41),(92,46,3),(286,52,21),(101,56,10),(231,68,6),(231,4,12),(143,11,33),(157,70,27),(300,47,30),(230,52,21),(207,52,12),(129,29,26),(94,8,4),(236,45,6),(131,34,16),(127,53,28),(179,42,42),(154,100,7),(31,91,47),(57,78,34),(239,98,32),(235,43,30),(154,6,9),(246,92,4),(119,73,44),(146,41,33),(298,31,25),(219,100,21),(176,59,5),(52,27,42),(33,55,10),(292,28,44),(188,84,44),(76,95,21),(15,57,36),(271,8,19),(274,90,34),(73,30,20),(157,85,29),(279,49,46),(276,54,48),(250,51,20),(170,90,25),(119,50,14),(192,93,24),(172,48,29),(260,76,38),(105,41,44),(283,42,44),(66,95,40),(222,83,7),(151,29,8),(211,78,31),(89,64,8),(149,42,26),(242,55,27),(8,32,37),(280,22,23),(118,44,25),(211,6,48),(114,42,7),(10,14,7),(63,18,25),(115,43,5),(13,33,9),(24,67,30),(230,59,42),(116,43,1),(125,63,26),(46,48,1),(283,52,47),(7,2,27),(182,96,9),(126,60,6),(116,11,48),(184,32,8),(15,59,49),(173,86,19),(284,77,3),(275,88,45),(35,55,29),(137,35,49),(256,54,46),(68,60,17),(71,69,27),(218,36,4),(155,11,28),(110,9,46),(164,99,27),(299,68,18),(55,89,22),(77,70,30),(28,90,39),(166,26,35),(155,98,32),(16,69,16),(141,85,20),(121,85,19),(268,50,17),(232,72,41),(168,47,6),(212,59,26),(271,27,31),(196,33,36),(10,66,30),(10,97,45),(30,38,34),(38,93,12),(181,94,28),(260,98,25),(127,93,50),(49,96,27),(278,33,3),(28,76,5),(228,85,29),(12,13,44),(53,49,42),(275,89,5),(64,4,17),(98,29,13),(116,98,47),(180,51,35),(296,70,44),(79,58,44),(79,70,9),(288,25,5),(233,90,44),(261,48,10),(297,50,43),(58,39,5),(229,7,8),(235,34,24),(265,53,48),(258,59,14),(169,14,43),(176,31,8),(272,4,49),(205,84,44),(92,74,27),(91,62,19),(30,68,43),(267,15,14),(105,37,41),(170,49,49),(59,52,4),(43,94,15),(151,57,28),(47,57,47),(117,44,31),(3,30,12),(13,32,39),(21,49,27),(142,40,9),(97,38,27),(7,1,39),(191,24,26),(56,98,24),(5,77,26),(196,78,47),(86,98,31),(277,55,35),(153,35,29),(256,35,13),(18,31,26),(270,27,8),(97,42,6),(14,15,15),(26,82,23),(109,8,49),(34,9,35),(274,43,46),(136,49,34),(23,55,36),(140,100,21),(121,64,35),(94,63,23),(198,28,3),(53,4,16),(22,8,16),(160,90,33),(79,21,4),(162,35,34),(92,55,27),(186,64,34),(40,47,9),(46,51,1),(256,27,41),(210,43,49),(157,46,8),(90,70,13),(220,83,39),(225,76,44),(53,57,27),(150,78,32),(175,73,45),(259,38,48),(190,80,50),(241,56,4),(172,25,34),(181,55,35),(191,21,43),(63,21,38),(207,61,23),(21,90,50),(57,16,34),(104,64,44),(288,46,18),(214,93,29),(264,93,50),(37,77,21),(20,38,24),(59,100,26),(63,34,4),(124,58,1),(164,74,31),(255,53,31),(207,76,20),(236,15,43),(224,44,30),(212,62,13),(83,78,47),(206,16,24),(12,63,30),(257,49,32),(14,29,47),(194,89,17),(64,97,32),(187,80,3),(203,79,47),(162,20,40),(127,90,38),(264,28,50),(65,13,19),(142,19,34),(78,36,42),(194,70,40),(168,65,26),(223,27,37),(248,3,37),(91,61,31),(103,52,22),(213,5,42),(250,7,37),(108,100,46),(57,72,37),(124,76,23),(148,28,41),(59,92,17),(88,18,36),(66,15,18),(1,56,30),(196,43,42),(21,33,41),(21,23,18),(249,59,40),(161,58,48),(56,58,8),(102,29,42),(185,90,32),(278,61,27),(100,96,40),(18,80,11),(233,51,33),(224,100,14),(81,17,39),(148,100,29),(73,73,46),(225,77,8),(273,26,43),(185,6,47),(286,64,27),(45,2,4),(75,23,47),(284,79,24),(67,44,22),(186,40,17),(134,83,40),(266,93,15),(240,76,36),(157,68,49),(122,54,10),(33,83,10),(2,12,7),(265,74,33),(138,56,33),(104,46,7),(208,61,46),(247,50,48),(198,99,12),(271,98,12),(179,88,50),(127,33,11),(221,44,20),(233,58,22),(234,64,5),(282,10,16),(199,98,15),(297,23,33),(30,78,46),(150,13,13),(203,61,38),(272,16,12),(11,3,1),(236,79,45),(247,96,11),(107,75,36),(288,91,24),(154,29,42),(70,76,50),(152,10,45),(61,88,48),(155,18,1),(254,64,14),(158,27,32),(204,10,50),(117,81,33),(272,83,29),(206,99,30),(1,26,20),(30,29,28),(75,73,25),(285,91,6),(208,39,27),(19,57,18),(152,75,12),(109,87,48),(77,79,31),(283,99,25),(20,77,35),(296,10,5),(219,66,23),(132,2,45),(124,3,42),(6,33,17),(70,8,18),(244,20,4),(16,66,33),(45,97,7),(221,66,43),(31,62,47),(201,13,45),(198,41,2),(299,17,27),(212,38,22),(40,65,25),(255,75,40),(99,6,16),(224,26,37),(30,79,33),(18,68,36),(186,1,43),(255,23,20),(74,38,10),(217,25,45),(140,92,11),(160,85,38),(10,28,10),(114,46,45),(22,83,13),(240,33,28),(164,88,44),(109,22,35),(243,73,37),(267,62,33),(5,14,49),(71,18,26),(109,91,13),(285,10,12),(56,69,21),(278,64,27),(84,8,48),(30,10,27),(253,41,17),(38,76,5),(106,84,3),(21,29,29),(108,38,47),(121,52,27),(129,95,11),(191,39,4),(259,3,2),(245,95,25),(35,48,39),(102,47,45),(139,49,40),(30,55,43),(271,13,43),(224,65,42),(222,26,30),(171,17,26),(222,34,43),(186,32,35),(120,6,27),(173,3,21),(241,76,28),(292,41,32),(223,4,16),(124,11,18),(58,83,13),(297,15,33),(108,69,3),(7,75,47),(38,22,2),(149,28,37),(4,41,12),(262,69,41),(4,60,34),(40,7,41),(121,82,17),(33,21,20),(226,89,39),(103,44,7),(176,99,10),(5,18,32),(162,46,14),(172,72,44),(141,55,37),(138,90,16),(299,61,33),(111,35,33),(66,59,32),(42,64,34),(181,87,47),(211,52,46),(69,21,38),(120,68,6),(33,96,37),(232,66,15),(244,7,33),(174,63,8),(261,95,28),(153,52,29),(235,37,8),(14,31,41),(99,90,14),(67,84,20),(10,88,14),(75,44,50),(214,58,5),(98,81,11),(35,86,20),(87,6,14),(202,44,21),(224,31,7),(82,66,21),(124,67,2),(196,27,46),(87,79,4),(174,25,8),(43,46,6),(224,8,23),(174,75,27),(18,82,36),(126,95,3),(106,11,18),(243,96,16),(39,20,49),(25,1,14),(254,81,11),(223,60,27),(8,55,28),(147,88,35),(17,16,13),(114,95,21),(265,78,10),(256,44,50),(184,28,19),(154,82,25),(112,60,17),(262,54,16),(261,76,10),(180,47,2),(211,94,43),(153,86,26),(27,32,49),(50,77,17),(271,85,3),(135,69,48),(286,82,38),(128,45,36),(140,10,33),(130,72,1),(294,63,47),(155,9,26),(12,38,19),(258,11,5),(16,54,48),(130,18,48),(287,20,40),(34,46,44),(260,39,15),(15,84,15),(219,35,33),(264,95,15),(243,16,9),(33,23,19),(167,72,15),(165,36,3),(136,1,12),(245,2,20),(290,93,8),(170,6,15),(210,22,45),(63,24,22),(248,62,7),(71,85,33),(141,97,20),(111,41,21),(175,53,9),(56,95,36),(107,55,14),(29,40,32),(60,45,18),(127,56,45),(63,80,30),(130,35,11),(129,33,26),(237,35,49),(201,70,6),(137,2,28),(95,52,36),(177,31,9),(62,90,37),(167,34,24),(103,9,26),(265,83,43),(197,95,31),(259,93,20),(34,82,42),(218,96,30),(159,41,4),(40,79,42),(67,53,37),(155,65,29),(259,70,45),(291,71,31),(122,78,14),(53,62,25),(161,67,44),(71,34,10),(199,65,37),(69,84,43),(197,34,29),(300,31,20),(99,85,28),(46,3,1),(63,45,31),(181,71,24),(75,61,3),(38,69,40),(293,7,25),(238,11,37),(217,69,18),(60,44,39),(280,48,15),(107,44,9),(203,33,13),(298,74,6),(3,96,29),(259,57,47),(41,14,11),(188,54,41),(100,37,32),(233,33,38),(220,43,25),(56,37,44),(137,58,49),(139,98,6),(143,25,23),(238,27,26),(61,8,30),(111,52,39),(296,18,46),(190,25,2),(65,98,32),(156,7,17),(267,9,29),(200,64,27),(50,92,1),(46,62,46),(227,57,19),(236,55,44),(293,96,13),(73,90,5),(295,11,38),(295,5,4),(257,55,4),(203,10,1),(177,4,10),(27,49,2),(103,95,38),(55,17,46),(167,93,37),(221,50,1),(59,9,46),(73,60,9),(257,100,2),(63,57,18),(87,54,35),(241,14,10),(127,48,40),(167,53,9),(190,31,35),(250,24,18),(13,51,37),(151,65,44),(207,28,10),(3,27,19),(82,84,31),(260,56,26),(177,82,41),(280,82,17),(41,35,47),(245,44,48),(194,68,16),(109,43,37),(137,70,18),(52,31,23),(131,94,41),(49,27,20),(210,15,31),(147,64,40),(226,5,33),(17,4,1),(64,91,1),(293,64,37),(205,89,35),(49,42,8),(132,68,40),(300,73,16),(243,3,24),(127,23,6),(259,95,46),(125,67,30),(190,77,43),(141,23,47),(165,42,40),(163,57,28),(243,98,32),(152,91,42),(206,77,33),(111,29,41),(14,49,37),(75,59,41),(287,77,15),(261,2,4),(134,84,4),(173,43,27),(47,27,17),(166,67,29),(191,62,42),(18,32,29),(78,22,21),(144,95,26),(214,67,29),(105,57,44),(292,86,1),(116,12,10),(127,22,1),(291,13,48),(5,1,35),(79,86,1),(14,87,14),(12,17,25),(70,77,23),(152,68,36),(137,30,43),(3,56,31),(119,34,39),(88,81,2),(146,82,48),(279,83,8),(228,16,43),(38,89,3),(92,35,47),(269,54,27),(172,71,50),(261,56,7),(182,30,38),(185,26,37),(23,94,7),(292,1,10),(68,92,14),(104,9,12),(85,43,22),(115,8,3),(151,100,10),(211,55,26),(130,89,47),(13,99,31),(61,72,9),(112,28,35),(78,70,38),(51,41,42),(204,23,19),(33,19,6),(18,93,3),(181,28,25),(139,36,34),(212,44,3),(163,45,8),(50,98,29),(246,41,2),(288,100,23),(32,10,18),(101,17,14),(24,24,19),(142,35,17),(59,39,32),(120,88,26),(66,94,31),(61,78,42),(210,86,13),(145,1,39),(63,25,38),(279,29,31),(71,68,13),(224,17,1),(189,1,29),(252,65,3),(81,70,48),(45,60,12),(39,15,43),(30,73,2),(292,12,14),(6,65,18),(85,99,16),(258,62,30),(79,2,10),(235,72,16),(208,43,23),(25,12,47),(134,87,4),(272,98,40),(145,2,21),(112,9,44),(226,35,28),(17,72,4),(212,76,39),(177,44,17),(252,40,31),(59,16,38),(97,11,6),(159,5,34),(199,14,28),(50,48,23),(178,21,11),(297,74,11),(98,83,18),(201,68,7),(129,20,39),(289,31,16),(88,30,17),(130,21,28),(232,97,39),(16,19,20),(299,73,43),(26,44,20),(263,82,20),(224,35,32),(146,44,29),(45,100,43),(119,79,36),(108,78,25),(262,17,17),(187,87,35),(249,74,32),(59,66,7),(238,68,2),(39,80,5),(129,50,21),(140,95,42),(263,48,9),(42,19,40),(228,1,22),(105,32,39),(266,9,50),(199,11,9),(185,10,42),(280,12,45),(300,7,5),(258,88,10),(14,55,43),(130,40,28),(43,78,13),(271,78,32),(42,8,39),(55,50,9),(89,78,5),(144,63,18),(6,15,26),(230,88,46),(283,8,49),(178,88,41),(242,49,42),(233,85,28),(7,70,13),(89,69,32),(113,79,20),(17,5,48);
/*!40000 ALTER TABLE `Commande_Detail` ENABLE KEYS */;
UNLOCK TABLES;

--
-- Table structure for table `Facture`
--

DROP TABLE IF EXISTS `Facture`;
/*!40101 SET @saved_cs_client     = @@character_set_client */;
/*!50503 SET character_set_client = utf8mb4 */;
CREATE TABLE `Facture` (
  `id` int NOT NULL,
  `id_commande` int NOT NULL,
  `date_emission` text NOT NULL,
  `montant_total` double NOT NULL,
  `etat` text NOT NULL
) ENGINE=InnoDB DEFAULT CHARSET=utf8mb4 COLLATE=utf8mb4_0900_ai_ci;
/*!40101 SET character_set_client = @saved_cs_client */;

--
-- Dumping data for table `Facture`
--

LOCK TABLES `Facture` WRITE;
/*!40000 ALTER TABLE `Facture` DISABLE KEYS */;
INSERT INTO `Facture` VALUES (1,137,'2024-04-26',282.51,'non paye'),(2,191,'2024-07-07',26.08,'non paye'),(3,276,'2024-07-04',475.13,'paye'),(4,252,'2024-08-08',280.24,'paye'),(5,296,'2025-02-10',170.71,'paye'),(6,39,'2024-11-12',35.16,'non paye'),(7,57,'2024-11-18',311.87,'paye'),(8,190,'2024-08-24',369.82,'paye'),(9,242,'2024-04-17',37.63,'paye'),(10,291,'2025-02-22',45.36,'non paye'),(11,92,'2024-05-09',48.83,'paye'),(12,124,'2025-01-21',35.28,'non paye'),(13,73,'2025-02-06',311.6,'paye'),(14,199,'2024-09-18',186.26,'non paye'),(15,158,'2024-11-05',213.37,'non paye'),(16,61,'2024-04-05',439.13,'paye'),(17,106,'2024-10-07',38.37,'paye'),(18,172,'2025-01-26',192.31,'non paye'),(19,18,'2024-12-27',464.3,'non paye'),(20,152,'2025-01-05',251.38,'paye'),(21,227,'2024-10-08',338.13,'paye'),(22,11,'2024-04-24',350.28,'non paye'),(23,226,'2025-03-05',196.79,'non paye'),(24,259,'2024-10-01',480.14,'non paye'),(25,93,'2024-09-24',173.99,'paye'),(26,151,'2025-01-22',458.55,'non paye'),(27,161,'2024-08-25',256.96,'non paye'),(28,138,'2024-06-14',103.68,'non paye'),(29,249,'2024-10-15',332.93,'non paye'),(30,29,'2024-08-22',374.88,'paye'),(31,165,'2024-10-04',434.25,'non paye'),(32,44,'2024-11-11',95.72,'paye'),(33,45,'2025-01-11',448.56,'paye'),(34,168,'2024-07-18',96.95,'paye'),(35,105,'2024-05-08',389.99,'non paye'),(36,174,'2024-09-08',495.17,'non paye'),(37,231,'2024-06-03',57.52,'non paye'),(38,244,'2024-05-06',450.27,'paye'),(39,79,'2025-01-04',137.11,'paye'),(40,99,'2024-12-26',206.59,'non paye'),(41,208,'2024-05-19',120.23,'paye'),(42,205,'2024-04-18',97.59,'paye'),(43,55,'2024-10-28',239.31,'non paye'),(44,201,'2024-09-08',56.16,'non paye'),(45,180,'2025-02-01',191.47,'paye'),(46,139,'2025-02-17',451.93,'non paye'),(47,266,'2025-01-13',201.81,'non paye'),(48,289,'2024-10-12',150.94,'non paye'),(49,153,'2024-05-29',497.71,'non paye'),(50,274,'2024-05-03',274.9,'paye'),(51,71,'2024-06-05',49.96,'paye'),(52,90,'2024-03-11',485.41,'paye'),(53,143,'2024-12-08',77.02,'non paye'),(54,125,'2024-10-18',313.34,'non paye'),(55,129,'2025-02-23',493.18,'paye'),(56,219,'2024-03-23',233.54,'non paye'),(57,288,'2024-04-30',369.71,'non paye'),(58,248,'2024-06-16',266.11,'paye'),(59,64,'2024-05-08',51.42,'non paye'),(60,48,'2025-01-06',102.96,'paye'),(61,46,'2024-06-09',377.86,'paye'),(62,102,'2024-03-18',417.59,'paye'),(63,54,'2024-10-19',254.02,'non paye'),(64,67,'2025-02-13',398.32,'non paye'),(65,81,'2024-09-10',108.67,'paye'),(66,133,'2024-05-30',84.06,'paye'),(67,185,'2025-03-07',22.53,'non paye'),(68,120,'2024-11-08',315.34,'non paye'),(69,224,'2024-06-01',472.48,'non paye'),(70,70,'2024-11-27',102.22,'non paye'),(71,268,'2024-07-22',498.73,'paye'),(72,239,'2024-03-24',244.14,'non paye'),(73,112,'2024-04-22',226.75,'non paye'),(74,3,'2024-05-04',306.79,'paye'),(75,114,'2024-03-11',453.21,'non paye'),(76,238,'2025-01-30',352.33,'paye'),(77,83,'2024-08-04',231.85,'non paye'),(78,60,'2024-08-06',164.33,'paye'),(79,234,'2024-12-11',146.91,'paye'),(80,284,'2024-12-07',256.95,'paye'),(81,58,'2024-03-16',495.35,'paye'),(82,203,'2024-03-20',258.79,'paye'),(83,127,'2024-11-10',301.53,'non paye'),(84,237,'2024-08-31',371.53,'paye'),(85,292,'2024-12-29',248.17,'non paye'),(86,23,'2024-03-16',356.88,'non paye'),(87,278,'2024-12-15',320.24,'non paye'),(88,166,'2024-10-23',340.96,'non paye'),(89,37,'2024-07-29',376.55,'paye'),(90,113,'2024-05-22',474.91,'non paye'),(91,182,'2024-06-26',309.64,'non paye'),(92,94,'2025-02-17',466.03,'paye'),(93,157,'2024-08-23',258.93,'paye'),(94,76,'2024-07-28',60.63,'paye'),(95,163,'2025-01-27',422.63,'paye'),(96,262,'2024-12-29',409.45,'paye'),(97,273,'2024-06-17',252.4,'paye'),(98,30,'2024-07-23',98.13,'non paye'),(99,15,'2024-11-10',125.92,'paye'),(100,74,'2025-02-28',365.86,'paye'),(101,34,'2024-07-13',217.94,'paye'),(102,200,'2024-09-22',416.12,'paye'),(103,247,'2024-07-21',418.73,'non paye'),(104,187,'2024-06-14',374.8,'paye'),(105,26,'2024-12-16',388.87,'paye'),(106,63,'2024-12-20',161.23,'non paye'),(107,87,'2024-10-27',25.01,'paye'),(108,159,'2024-06-16',157.53,'paye'),(109,181,'2024-03-16',387.51,'non paye'),(110,256,'2024-08-10',232.18,'non paye'),(111,233,'2024-12-23',395.05,'paye'),(112,298,'2024-10-31',23.4,'paye'),(113,258,'2024-04-15',295.98,'paye'),(114,132,'2025-03-04',156.84,'non paye'),(115,65,'2024-06-19',198.84,'non paye'),(116,136,'2024-06-24',156.43,'non paye'),(117,31,'2024-04-18',171.92,'non paye'),(118,16,'2024-04-09',480.32,'paye'),(119,283,'2024-08-08',228.85,'paye'),(120,36,'2024-05-04',326.24,'paye'),(121,75,'2024-09-19',96.51,'non paye'),(122,154,'2025-01-04',313.22,'non paye'),(123,277,'2024-09-29',44.49,'non paye'),(124,204,'2025-02-17',100.19,'paye'),(125,300,'2025-01-01',496.89,'paye'),(126,27,'2024-12-01',85.93,'non paye'),(127,19,'2024-09-05',463.12,'non paye'),(128,142,'2024-04-29',341.87,'non paye'),(129,9,'2024-12-07',111.83,'paye'),(130,193,'2024-03-21',265.39,'paye'),(131,230,'2024-11-24',404.9,'non paye'),(132,89,'2025-01-12',411.49,'paye'),(133,59,'2024-04-02',326.7,'non paye'),(134,286,'2024-04-07',450.08,'paye'),(135,214,'2024-03-09',453.32,'non paye'),(136,285,'2024-09-02',120.35,'paye'),(137,4,'2024-10-27',401.29,'paye'),(138,115,'2024-03-10',405.23,'paye'),(139,33,'2024-07-29',33.07,'paye'),(140,117,'2024-12-26',301.52,'paye'),(141,77,'2025-01-15',330.96,'paye'),(142,206,'2024-09-30',165.63,'non paye'),(143,225,'2025-01-11',249.16,'paye'),(144,216,'2024-12-28',254.57,'non paye'),(145,236,'2024-04-17',321.64,'non paye'),(146,109,'2024-07-26',243.7,'paye'),(147,80,'2024-06-29',296.76,'non paye'),(148,173,'2024-08-11',100.1,'non paye'),(149,164,'2024-11-13',169.41,'paye'),(150,17,'2024-10-09',327.43,'paye'),(151,130,'2024-03-12',495.12,'non paye'),(152,68,'2024-08-07',116.86,'non paye'),(153,263,'2024-06-19',200.47,'paye'),(154,82,'2024-10-01',422.79,'non paye'),(155,150,'2024-09-19',341.42,'non paye'),(156,78,'2024-03-16',384.94,'non paye'),(157,222,'2024-07-27',332.44,'non paye'),(158,240,'2024-04-25',44.41,'non paye'),(159,149,'2024-07-18',83.78,'paye'),(160,257,'2024-10-29',59.85,'paye'),(161,280,'2024-11-20',205.35,'paye'),(162,202,'2024-12-27',274.79,'paye'),(163,95,'2024-03-14',463.89,'non paye'),(164,1,'2025-02-10',123.56,'paye'),(165,107,'2024-08-10',77.83,'paye'),(166,118,'2024-07-20',108.7,'non paye'),(167,210,'2024-09-19',295.96,'non paye'),(168,50,'2024-10-11',469.29,'non paye'),(169,290,'2025-01-07',45.06,'non paye'),(170,146,'2024-12-04',282.07,'paye'),(171,119,'2024-04-28',178.63,'non paye'),(172,155,'2025-02-11',96.97,'non paye'),(173,141,'2024-09-08',215.71,'non paye'),(174,69,'2024-11-07',257.7,'paye'),(175,184,'2024-03-12',281.57,'paye'),(176,62,'2024-08-15',70.03,'non paye'),(177,101,'2024-11-09',214.22,'non paye'),(178,110,'2025-01-06',206.37,'non paye'),(179,84,'2024-09-29',461.96,'non paye'),(180,32,'2024-07-12',443.4,'paye'),(181,270,'2025-01-15',476.8,'non paye'),(182,108,'2025-01-07',127.2,'non paye'),(183,228,'2025-01-17',390.85,'non paye'),(184,96,'2024-12-21',230.12,'paye'),(185,111,'2024-11-07',181.05,'paye'),(186,235,'2024-03-15',28.81,'paye'),(187,38,'2024-10-19',111.4,'non paye'),(188,267,'2025-03-09',31.35,'paye'),(189,126,'2024-11-16',336.68,'non paye'),(190,66,'2024-05-04',412.86,'non paye'),(191,195,'2024-11-05',101.44,'non paye'),(192,211,'2024-06-25',426.43,'paye'),(193,295,'2025-01-23',180.13,'non paye'),(194,160,'2024-11-28',291.94,'non paye'),(195,52,'2024-09-23',447.89,'non paye'),(196,85,'2024-09-29',247.28,'paye'),(197,97,'2024-11-20',393.8,'non paye'),(198,198,'2024-11-07',40.78,'non paye'),(199,42,'2025-02-17',158.19,'paye'),(200,264,'2024-06-12',353.03,'non paye'),(201,186,'2024-09-15',219.4,'paye'),(202,72,'2025-01-11',464.82,'non paye'),(203,178,'2025-02-17',477.1,'non paye'),(204,253,'2024-09-18',234.15,'paye'),(205,116,'2024-05-29',183.63,'non paye'),(206,123,'2024-04-24',174.95,'paye'),(207,229,'2024-12-03',408.78,'non paye'),(208,88,'2025-01-11',171.78,'paye'),(209,297,'2024-08-28',482.81,'non paye'),(210,100,'2024-09-25',27.63,'non paye'),(211,170,'2024-12-11',433,'non paye'),(212,56,'2024-06-26',64.24,'paye'),(213,53,'2024-04-10',176.49,'paye'),(214,147,'2024-10-04',438.12,'paye'),(215,91,'2024-09-27',433.48,'paye'),(216,223,'2024-07-29',304.22,'paye'),(217,294,'2025-01-02',156.34,'non paye'),(218,20,'2024-05-24',335.54,'paye'),(219,251,'2024-07-12',215.81,'non paye'),(220,299,'2024-07-20',114.03,'paye'),(221,128,'2024-08-14',226.79,'paye'),(222,188,'2024-11-02',478.62,'paye'),(223,41,'2024-07-18',294.46,'paye'),(224,171,'2024-12-27',286.4,'non paye'),(225,7,'2024-12-26',42.81,'non paye'),(226,121,'2024-12-24',229.61,'non paye'),(227,40,'2024-04-08',308.65,'paye'),(228,281,'2024-09-18',295.1,'non paye'),(229,272,'2024-08-03',104.54,'non paye'),(230,245,'2024-11-06',375.91,'non paye'),(231,194,'2024-12-05',300.59,'non paye'),(232,103,'2025-01-27',428.16,'paye'),(233,14,'2024-11-03',308.21,'paye'),(234,134,'2024-06-06',144.37,'paye'),(235,167,'2025-02-26',171.83,'paye'),(236,197,'2024-10-06',323.37,'non paye'),(237,250,'2025-02-07',88.74,'non paye'),(238,51,'2024-06-26',203.98,'non paye'),(239,104,'2024-09-12',279.82,'paye'),(240,254,'2024-09-13',78.26,'paye'),(241,175,'2024-03-09',482.48,'non paye'),(242,275,'2024-07-30',443.7,'non paye'),(243,22,'2024-08-14',410.61,'non paye'),(244,13,'2024-05-08',260.35,'paye');
/*!40000 ALTER TABLE `Facture` ENABLE KEYS */;
UNLOCK TABLES;

--
-- Table structure for table `Fournisseur`
--

DROP TABLE IF EXISTS `Fournisseur`;
/*!40101 SET @saved_cs_client     = @@character_set_client */;
/*!50503 SET character_set_client = utf8mb4 */;
CREATE TABLE `Fournisseur` (
  `id` int NOT NULL,
  `nom` text NOT NULL,
  `adresse` text NOT NULL,
  `telephone` text NOT NULL
) ENGINE=InnoDB DEFAULT CHARSET=utf8mb4 COLLATE=utf8mb4_0900_ai_ci;
/*!40101 SET character_set_client = @saved_cs_client */;

--
-- Dumping data for table `Fournisseur`
--

LOCK TABLES `Fournisseur` WRITE;
/*!40000 ALTER TABLE `Fournisseur` DISABLE KEYS */;
INSERT INTO `Fournisseur` VALUES (1,'Jones-Gray','776 Linda Drives Apt. 612, Kingmouth, NM 19984','9449564625'),(2,'Cruz-Franco','4507 Christopher Hill Suite 976, Lake Edwardstad, AS 87956','+1-577-826-0440'),(3,'Owens, Parker and Moses','48789 Kramer Prairie, Lake Scottborough, MS 90540','931.426.1877x69836'),(4,'Kemp LLC','52885 Salazar Stravenue Apt. 313, Jacobmouth, NE 55882','8905601569'),(5,'Perez, Garcia and Collins','217 Cook Tunnel Suite 369, Kelseymouth, GU 84377','690.345.4080x4176'),(6,'Flores, Estrada and Snyder','363 Kayla Freeway, West Christinaville, OK 39028','(697)218-8115x89951'),(7,'Short LLC','1832 Mary Flats, Paulastad, ME 20406','374-900-8269x300'),(8,'Bennett Ltd','826 Walker Street, New Janet, IL 89342','453-279-1333'),(9,'Brooks, Miller and Griffin','9377 Miller Station, Lake Craigchester, VI 19216','001-966-381-0622'),(10,'Banks-Curry','8336 Patricia Walk Suite 761, New Virginia, MD 38625','+1-442-581-8633'),(11,'Buchanan, Reeves and Allison','261 Mcdonald Burgs, South Monica, ME 34356','289-707-4375x63656'),(12,'Baker-Thomas','3117 William Throughway Suite 365, Brandonberg, MP 76399','907.847.1165x7810'),(13,'Lynch Inc','42538 Brown Circles Suite 843, East Eriktown, LA 00859','902-780-7295'),(14,'Hernandez, Todd and Ingram','781 Tucker Circles Apt. 064, Antonioside, FM 34739','(449)835-9369x598'),(15,'Collins, Lee and Vargas','430 Allison Gateway, Mitchellfort, KY 40842','325-342-4642'),(16,'Wilson, Hoover and Gonzalez','508 Palmer Common Suite 476, Sheilafort, MT 21459','255-753-5499'),(17,'Hernandez, Parker and Turner','133 Glenn Fields, Ralphview, TX 31217','+1-211-662-8766x471'),(18,'Griffin-Fletcher','3324 James Forks Apt. 423, New Mariahmouth, TN 30448','2987477264'),(19,'Hunter, Craig and Vance','195 Sherman Crest, South Christopherton, GA 01657','(611)890-9496x33300'),(20,'Morrow, Weber and Harris','2818 David Ways, Robinsonfurt, AL 85030','327-927-9705x7028');
/*!40000 ALTER TABLE `Fournisseur` ENABLE KEYS */;
UNLOCK TABLES;

--
-- Table structure for table `Fournisseur_Ingredient`
--

DROP TABLE IF EXISTS `Fournisseur_Ingredient`;
/*!40101 SET @saved_cs_client     = @@character_set_client */;
/*!50503 SET character_set_client = utf8mb4 */;
CREATE TABLE `Fournisseur_Ingredient` (
  `id_fournisseur` int NOT NULL,
  `id_ingredient` int NOT NULL
) ENGINE=InnoDB DEFAULT CHARSET=utf8mb4 COLLATE=utf8mb4_0900_ai_ci;
/*!40101 SET character_set_client = @saved_cs_client */;

--
-- Dumping data for table `Fournisseur_Ingredient`
--

LOCK TABLES `Fournisseur_Ingredient` WRITE;
/*!40000 ALTER TABLE `Fournisseur_Ingredient` DISABLE KEYS */;
INSERT INTO `Fournisseur_Ingredient` VALUES (16,20),(24,42),(34,10),(2,39),(36,16),(27,13),(14,13),(34,28),(23,34),(12,34),(5,28),(3,31),(23,43),(13,8),(5,37),(32,21),(38,16),(26,14),(36,46),(6,20),(33,38),(24,35),(2,32),(7,28),(22,10),(16,40),(18,37),(37,8),(17,23),(35,1),(3,33),(32,14),(33,13),(29,6),(4,41),(15,16),(16,15),(16,24),(7,21),(35,37),(37,1),(28,7),(30,4),(38,39),(37,19),(28,16),(22,39),(12,38),(13,3),(35,12),(26,9),(32,25),(36,41),(10,22),(19,43),(18,23),(34,7),(39,21),(10,40),(14,1),(9,42),(20,8),(17,9),(22,23),(12,22),(11,2),(3,19),(23,31),(3,28),(13,5),(33,17),(16,10),(8,27),(27,40),(35,23),(1,30),(11,32),(16,28),(33,44),(29,22),(31,19),(40,31),(20,28),(22,25),(31,28),(29,31),(38,43),(9,16),(1,5),(25,6),(33,19),(27,33),(28,41),(9,37),(29,15),(2,40),(28,4),(31,21),(5,11),(24,46),(26,43),(9,9),(7,39),(23,35),(8,13),(27,26),(13,9),(19,22),(33,21),(25,17),(34,4),(39,27),(20,23),(22,20),(29,35),(18,32),(23,28),(6,42),(27,19),(34,34),(36,31),(35,11),(24,11),(19,33),(40,1),(30,33),(3,46),(2,26),(5,43),(6,8),(23,21),(16,37),(7,34),(18,34),(10,5),(11,13),(28,29),(2,10),(25,12),(2,19),(2,28),(40,12),(32,29),(39,22),(15,22),(32,38),(23,5),(38,33),(40,30),(4,10),(28,13),(34,29),(28,22),(14,41),(17,40),(38,8),(40,5),(26,15),(29,14),(13,27),(4,3),(36,1),(38,35),(18,29),(1,43),(13,45),(19,3),(28,15),(8,12),(39,45),(11,8),(2,5),(17,33),(14,43),(2,23),(38,19),(26,35),(18,31),(15,44),(34,33),(22,31),(25,9),(22,40),(9,22),(7,6),(12,2),(15,28),(22,15),(39,31),(1,1),(40,39),(29,39),(3,29),(11,12),(32,10),(30,25),(14,38),(17,37),(5,44),(33,27);
/*!40000 ALTER TABLE `Fournisseur_Ingredient` ENABLE KEYS */;
UNLOCK TABLES;

--
-- Table structure for table `Ingredient`
--

DROP TABLE IF EXISTS `Ingredient`;
/*!40101 SET @saved_cs_client     = @@character_set_client */;
/*!50503 SET character_set_client = utf8mb4 */;
CREATE TABLE `Ingredient` (
  `id` int NOT NULL,
  `nom` text NOT NULL,
  `categorie` text NOT NULL
) ENGINE=InnoDB DEFAULT CHARSET=utf8mb4 COLLATE=utf8mb4_0900_ai_ci;
/*!40101 SET character_set_client = @saved_cs_client */;

--
-- Dumping data for table `Ingredient`
--

LOCK TABLES `Ingredient` WRITE;
/*!40000 ALTER TABLE `Ingredient` DISABLE KEYS */;
INSERT INTO `Ingredient` VALUES (1,'Malt Pale Ale','Malt'),(2,'Malt Munich','Malt'),(3,'Malt Caramel','Malt'),(4,'Malt Pilsen','Malt'),(5,'Malt Vienna','Malt'),(6,'Malt Chocolat','Malt'),(7,'Malt Fum','Malt'),(8,'Malt Abbey','Malt'),(9,'Malt Biscuit','Malt'),(10,'Malt Special B','Malt'),(11,'Houblon Cascade','Houblon'),(12,'Houblon Citra','Houblon'),(13,'Houblon Mosaic','Houblon'),(14,'Houblon Saaz','Houblon'),(15,'Houblon Magnum','Houblon'),(16,'Houblon Amarillo','Houblon'),(17,'Houblon Simcoe','Houblon'),(18,'Houblon East Kent Goldings','Houblon'),(19,'Houblon Centennial','Houblon'),(20,'Houblon Chinook','Houblon'),(21,'Levure SafAle US-05','Levure'),(22,'Levure SafAle S-04','Levure'),(23,'Levure Belle Saison','Levure'),(24,'Levure Nottingham','Levure'),(25,'Levure Wyeast 1056','Levure'),(26,'Levure White Labs WLP001','Levure'),(27,'Levure Fermentis T-58','Levure'),(28,'Levure LalBrew Nottingham','Levure'),(29,'Levure Saflager W-34/70','Levure'),(30,'Eau de source','Eau'),(31,'Eau minrale','Eau'),(32,'Eau filtre','Eau'),(33,'Eau osmose','Eau'),(34,'Eau de pluie traite','Eau'),(35,'Bl malt','Crale'),(36,'Orge malte','Crale'),(37,'Seigle malt','Crale'),(38,'Mas floconn','Crale'),(39,'Riz floconn','Crale'),(40,'Coriandre','pice'),(41,'Vanille','pice'),(42,'Cannelle','pice'),(43,'Cacao','pice'),(44,'Piment de Jamaque','pice'),(45,'Gingembre','pice'),(46,'Rglisse','pice');
/*!40000 ALTER TABLE `Ingredient` ENABLE KEYS */;
UNLOCK TABLES;

--
-- Table structure for table `Reservation`
--

DROP TABLE IF EXISTS `Reservation`;
/*!40101 SET @saved_cs_client     = @@character_set_client */;
/*!50503 SET character_set_client = utf8mb4 */;
CREATE TABLE `Reservation` (
  `id` int NOT NULL,
  `id_visite` int NOT NULL,
  `id_client` int NOT NULL,
  `nombre_participants` int NOT NULL,
  `montant_paye` double NOT NULL
) ENGINE=InnoDB DEFAULT CHARSET=utf8mb4 COLLATE=utf8mb4_0900_ai_ci;
/*!40101 SET character_set_client = @saved_cs_client */;

--
-- Dumping data for table `Reservation`
--

LOCK TABLES `Reservation` WRITE;
/*!40000 ALTER TABLE `Reservation` DISABLE KEYS */;
INSERT INTO `Reservation` VALUES (1,51,49,6,332.93),(2,31,30,3,207.32),(3,28,21,6,237.71),(4,78,82,7,53.65),(5,75,73,5,159.77),(6,74,72,10,130.14),(7,29,29,9,403.44),(8,68,62,9,326.23),(9,47,48,4,77.2),(10,12,138,8,431.95),(11,23,147,2,210.71),(12,14,14,5,351.59),(13,1,130,10,353.69),(14,65,60,1,330.83),(15,95,107,10,307.72),(16,8,136,2,173.04),(17,89,101,3,362.12),(18,3,7,3,155.35),(19,82,95,4,69.99),(20,38,42,4,470.61),(21,56,51,9,491.48),(22,70,69,6,12.89),(23,2,133,3,443.92),(24,90,104,9,435.84),(25,57,57,3,410.38),(26,96,109,1,346.2),(27,77,78,9,496.55),(28,9,8,3,454.07),(29,52,50,6,424.88),(30,41,47,4,434.42),(31,72,71,8,138.68),(32,21,146,4,176.96),(33,32,33,7,101.19),(34,13,140,9,398.49),(35,83,96,9,28.07),(36,69,63,5,280.36),(37,88,98,7,257.64),(38,98,115,2,311.34),(39,62,58,8,300.82),(40,91,105,9,402.89);
/*!40000 ALTER TABLE `Reservation` ENABLE KEYS */;
UNLOCK TABLES;

--
-- Table structure for table `Stock`
--

DROP TABLE IF EXISTS `Stock`;
/*!40101 SET @saved_cs_client     = @@character_set_client */;
/*!50503 SET character_set_client = utf8mb4 */;
CREATE TABLE `Stock` (
  `id` int NOT NULL,
  `id_brassin` int NOT NULL,
  `quantite_disponible` int NOT NULL,
  `date_expiration` text NOT NULL
) ENGINE=InnoDB DEFAULT CHARSET=utf8mb4 COLLATE=utf8mb4_0900_ai_ci;
/*!40101 SET character_set_client = @saved_cs_client */;

--
-- Dumping data for table `Stock`
--

LOCK TABLES `Stock` WRITE;
/*!40000 ALTER TABLE `Stock` DISABLE KEYS */;
INSERT INTO `Stock` VALUES (1,34,328,'2026-03-18'),(2,717,848,'2026-01-16'),(3,484,347,'2026-12-04'),(4,618,651,'2027-01-16'),(5,469,732,'2026-07-03'),(6,243,468,'2025-07-18'),(7,813,777,'2025-09-13'),(8,217,895,'2026-07-09'),(9,453,704,'2025-10-14'),(10,539,114,'2025-08-19'),(11,914,322,'2025-10-16'),(12,912,882,'2025-10-21'),(13,609,29,'2026-03-31'),(14,183,246,'2025-08-31'),(15,633,864,'2026-06-27'),(16,863,597,'2025-06-17'),(17,581,606,'2027-03-02'),(18,608,460,'2026-04-21'),(19,23,116,'2026-02-20'),(20,429,639,'2025-08-23'),(21,330,20,'2025-07-30'),(22,413,41,'2026-09-05'),(23,824,694,'2026-10-30'),(24,929,299,'2025-12-27'),(25,119,910,'2026-11-30'),(26,301,642,'2025-11-13'),(27,368,331,'2026-12-13'),(28,104,969,'2025-12-27'),(29,705,583,'2026-12-19'),(30,734,992,'2026-05-31'),(31,237,92,'2026-10-22'),(32,786,762,'2025-08-17'),(33,716,371,'2026-08-08'),(34,709,43,'2026-04-14'),(35,393,376,'2026-04-18'),(36,932,606,'2026-08-28'),(37,59,846,'2026-04-26'),(38,397,416,'2026-01-27'),(39,155,781,'2025-04-09'),(40,566,128,'2026-02-17'),(41,41,470,'2025-11-30'),(42,533,558,'2026-11-22'),(43,653,67,'2025-12-25'),(44,168,357,'2026-03-03'),(45,361,526,'2025-10-17'),(46,444,64,'2025-03-17'),(47,960,701,'2026-06-12'),(48,233,710,'2025-12-01'),(49,745,62,'2026-08-31'),(50,803,850,'2027-01-05'),(51,685,923,'2025-11-15'),(52,175,938,'2026-11-11'),(53,802,524,'2026-09-21'),(54,58,912,'2027-03-08'),(55,613,570,'2026-02-22'),(56,189,685,'2026-11-19'),(57,596,73,'2025-05-09'),(58,434,435,'2026-07-23'),(59,850,316,'2025-08-27'),(60,97,856,'2026-09-14'),(61,130,109,'2026-08-19'),(62,557,380,'2026-03-10'),(63,55,137,'2025-04-16'),(64,388,196,'2026-06-06'),(65,674,669,'2026-11-16'),(66,831,337,'2027-03-01'),(67,81,447,'2026-05-06'),(68,830,883,'2025-04-27'),(69,942,901,'2026-04-26'),(70,64,897,'2025-11-27'),(71,137,726,'2026-02-22'),(72,880,86,'2026-07-11'),(73,441,147,'2025-04-27'),(74,151,213,'2026-12-30'),(75,331,289,'2025-12-21'),(76,878,675,'2025-09-28'),(77,335,581,'2026-06-11'),(78,147,85,'2026-04-18'),(79,662,422,'2027-01-04'),(80,129,752,'2025-10-08'),(81,425,476,'2025-06-22'),(82,459,82,'2026-12-21'),(83,567,128,'2026-03-29'),(84,291,740,'2025-05-13'),(85,68,185,'2026-01-01'),(86,102,126,'2026-10-16'),(87,245,599,'2026-06-14'),(88,192,609,'2025-06-18'),(89,475,434,'2026-07-21'),(90,909,947,'2026-02-04'),(91,422,505,'2027-02-26'),(92,193,831,'2026-06-09'),(93,30,103,'2025-08-02'),(94,460,327,'2027-01-11'),(95,198,516,'2025-05-02'),(96,283,276,'2027-01-13'),(97,818,995,'2025-12-07'),(98,181,708,'2026-01-12'),(99,277,121,'2026-09-12'),(100,339,840,'2026-06-09'),(101,523,554,'2026-09-16'),(102,749,37,'2026-01-06'),(103,93,603,'2026-10-15'),(104,921,414,'2025-07-22'),(105,317,14,'2025-11-21'),(106,428,548,'2025-09-18'),(107,562,316,'2025-06-08'),(108,83,238,'2025-07-07'),(109,316,997,'2025-11-29'),(110,448,990,'2025-03-17'),(111,946,425,'2025-12-21'),(112,359,512,'2027-01-11'),(113,207,791,'2025-04-04'),(114,161,725,'2025-09-23'),(115,556,889,'2025-08-16'),(116,21,846,'2025-03-29'),(117,356,807,'2027-02-24'),(118,216,865,'2027-02-21'),(119,405,875,'2026-12-24'),(120,164,310,'2026-05-21'),(121,904,399,'2027-01-29'),(122,363,370,'2025-08-17'),(123,799,645,'2026-05-01'),(124,5,877,'2025-04-27'),(125,476,540,'2025-07-25'),(126,285,608,'2025-05-01'),(127,787,913,'2025-03-25'),(128,648,897,'2025-08-04'),(129,881,61,'2026-09-17'),(130,673,16,'2025-08-28'),(131,250,888,'2027-02-25'),(132,906,163,'2025-11-28'),(133,103,767,'2026-09-23'),(134,703,584,'2026-11-25');
/*!40000 ALTER TABLE `Stock` ENABLE KEYS */;
UNLOCK TABLES;

--
-- Table structure for table `Visite`
--

DROP TABLE IF EXISTS `Visite`;
/*!40101 SET @saved_cs_client     = @@character_set_client */;
/*!50503 SET character_set_client = utf8mb4 */;
CREATE TABLE `Visite` (
  `id` int NOT NULL,
  `date` text NOT NULL,
  `heure` text NOT NULL,
  `prix` double NOT NULL,
  `capacite_max` int NOT NULL,
  `degustation_speciale` bigint NOT NULL
) ENGINE=InnoDB DEFAULT CHARSET=utf8mb4 COLLATE=utf8mb4_0900_ai_ci;
/*!40101 SET character_set_client = @saved_cs_client */;

--
-- Dumping data for table `Visite`
--

LOCK TABLES `Visite` WRITE;
/*!40000 ALTER TABLE `Visite` DISABLE KEYS */;
INSERT INTO `Visite` VALUES (1,'2024-06-08','22:21:14',48.31,21,0),(2,'2024-04-23','01:04:48',37.46,13,0),(3,'2025-02-02','22:13:01',6.1,37,1),(4,'2025-08-20','11:26:10',20.06,46,0),(5,'2025-06-23','20:37:54',26.13,17,1),(6,'2025-06-26','15:06:54',18.82,11,0),(7,'2024-10-11','04:43:49',41.44,25,1),(8,'2024-12-13','05:58:04',43.37,39,1),(9,'2025-04-19','18:51:52',7.68,33,0),(10,'2025-01-02','16:28:06',12.28,33,0),(11,'2024-07-02','06:11:21',7.76,29,0),(12,'2026-02-24','19:58:21',37.16,17,1),(13,'2026-03-01','10:58:03',41.14,18,1),(14,'2025-08-28','22:42:15',15.24,34,0),(15,'2024-05-05','08:40:50',48.22,32,0),(16,'2024-03-31','21:34:26',16.37,25,0),(17,'2025-12-18','04:44:33',29.27,12,1),(18,'2026-02-01','16:22:16',31.14,22,1),(19,'2025-03-16','17:20:12',46.97,20,1),(20,'2024-10-03','08:10:23',35.34,18,1),(21,'2026-02-19','00:34:52',40.27,9,1),(22,'2026-03-03','08:50:30',13.01,30,0),(23,'2025-09-23','19:46:19',32.32,16,0),(24,'2024-08-28','12:26:46',28.92,35,0),(25,'2024-10-20','07:27:22',6.92,44,1),(26,'2024-09-21','21:49:50',48.69,10,0),(27,'2025-08-21','11:24:43',6.76,33,0),(28,'2026-02-10','13:41:09',46.97,47,1),(29,'2025-09-29','16:30:38',18.84,11,0),(30,'2024-08-28','08:59:58',44.82,8,0),(31,'2024-07-29','20:28:50',39.2,5,1),(32,'2026-02-07','12:39:37',37.85,43,0),(33,'2025-09-17','07:19:34',42.21,6,1),(34,'2025-03-28','11:10:20',23.87,12,0),(35,'2026-03-02','23:53:44',44.75,34,0),(36,'2025-02-24','04:37:41',39.72,5,0),(37,'2024-10-10','12:28:27',39.05,29,1),(38,'2024-08-30','11:34:55',19.45,16,1),(39,'2025-01-14','06:31:57',44.97,39,0),(40,'2025-08-19','06:56:00',15.07,43,1),(41,'2024-06-13','23:16:51',44.05,11,0),(42,'2024-05-01','13:15:54',49.52,39,0),(43,'2025-04-07','17:04:08',26.82,19,0),(44,'2024-12-08','15:17:38',45.57,23,1),(45,'2025-06-16','13:07:04',23.19,24,1),(46,'2025-11-13','08:05:26',30.5,12,1),(47,'2026-01-02','15:23:57',46.47,41,1),(48,'2026-02-27','14:03:31',6.57,28,1),(49,'2025-01-13','21:43:40',16.5,31,1),(50,'2026-02-26','12:40:22',7.09,25,0),(51,'2024-07-19','04:33:12',15.96,12,0),(52,'2024-04-18','08:19:26',15.26,40,1),(53,'2024-05-06','17:16:06',31.86,20,1),(54,'2025-09-04','15:54:34',12.52,28,1),(55,'2024-04-10','09:14:35',11.7,32,0),(56,'2024-03-18','10:14:57',39.83,20,1),(57,'2025-01-31','10:47:25',26.56,9,1),(58,'2024-04-10','14:56:26',13.15,26,0),(59,'2024-05-19','10:23:57',16,14,1),(60,'2024-07-08','03:54:21',42.94,31,1),(61,'2025-04-23','11:02:15',8.7,29,0),(62,'2025-03-17','18:44:32',44.3,18,1),(63,'2025-11-10','09:15:00',13.27,5,0),(64,'2025-12-17','11:57:54',11.17,34,1),(65,'2024-08-04','20:07:28',26.24,27,1),(66,'2025-01-09','08:37:52',42.03,27,1),(67,'2025-05-29','03:56:04',28.66,7,0),(68,'2024-08-12','05:51:48',7.62,20,0),(69,'2025-02-22','03:21:44',7.54,28,0),(70,'2026-03-05','05:42:29',31.87,32,1),(71,'2025-07-02','10:57:15',38.07,36,1),(72,'2024-12-03','10:27:45',46.55,26,0),(73,'2025-04-02','12:58:21',38.21,29,1),(74,'2024-05-26','17:49:12',19.97,50,1),(75,'2025-10-04','14:06:31',28.22,19,1),(76,'2025-09-30','03:27:40',39.5,17,1),(77,'2024-05-15','00:40:54',29.48,17,0),(78,'2024-04-22','10:17:45',21.57,44,1),(79,'2024-04-09','15:24:31',42.61,21,0),(80,'2025-02-23','00:29:58',31.09,9,0),(81,'2024-06-30','03:24:10',18.12,23,0),(82,'2024-11-19','16:01:49',28.95,45,0),(83,'2024-03-12','08:35:58',30.85,7,0),(84,'2024-05-08','20:19:19',12.68,29,1),(85,'2025-09-20','15:36:00',30.3,6,0),(86,'2025-08-22','03:57:36',15.28,12,1),(87,'2024-09-03','16:46:47',23.46,5,1),(88,'2025-06-27','17:50:24',23.35,16,0),(89,'2024-08-19','01:10:04',17.26,29,0),(90,'2025-06-10','06:58:51',48.54,46,1),(91,'2024-07-06','13:18:13',37.09,22,0),(92,'2026-02-05','21:51:27',8.37,48,1),(93,'2025-12-31','07:32:31',29.95,23,1),(94,'2025-07-08','23:31:43',21.84,15,0),(95,'2026-02-27','01:31:46',34.85,5,0),(96,'2024-10-05','00:45:43',40.38,23,1),(97,'2024-09-01','23:45:57',41.8,38,0),(98,'2025-10-06','08:58:38',39.89,9,1),(99,'2024-04-20','08:37:34',13.66,44,1),(100,'2024-08-10','06:00:00',27.55,25,1),(101,'2024-06-08','22:21:14',48.31,21,0),(102,'2024-04-23','01:04:48',37.46,13,0),(103,'2025-02-02','22:13:01',6.1,37,1),(104,'2025-08-20','11:26:10',20.06,46,0),(105,'2025-06-23','20:37:54',26.13,17,1),(106,'2025-06-26','15:06:54',18.82,11,0),(107,'2024-10-11','04:43:49',41.44,25,1),(108,'2024-12-13','05:58:04',43.37,39,1),(109,'2025-04-19','18:51:52',7.68,33,0),(110,'2025-01-02','16:28:06',12.28,33,0),(111,'2024-07-02','06:11:21',7.76,29,0),(112,'2026-02-24','19:58:21',37.16,17,1),(113,'2026-03-01','10:58:03',41.14,18,1),(114,'2025-08-28','22:42:15',15.24,34,0),(115,'2024-05-05','08:40:50',48.22,32,0),(116,'2024-03-31','21:34:26',16.37,25,0),(117,'2025-12-18','04:44:33',29.27,12,1),(118,'2026-02-01','16:22:16',31.14,22,1),(119,'2025-03-16','17:20:12',46.97,20,1),(120,'2024-10-03','08:10:23',35.34,18,1),(121,'2026-02-19','00:34:52',40.27,9,1),(122,'2026-03-03','08:50:30',13.01,30,0),(123,'2025-09-23','19:46:19',32.32,16,0),(124,'2024-08-28','12:26:46',28.92,35,0),(125,'2024-10-20','07:27:22',6.92,44,1),(126,'2024-09-21','21:49:50',48.69,10,0),(127,'2025-08-21','11:24:43',6.76,33,0),(128,'2026-02-10','13:41:09',46.97,47,1),(129,'2025-09-29','16:30:38',18.84,11,0),(130,'2024-08-28','08:59:58',44.82,8,0),(131,'2024-07-29','20:28:50',39.2,5,1),(132,'2026-02-07','12:39:37',37.85,43,0),(133,'2025-09-17','07:19:34',42.21,6,1),(134,'2025-03-28','11:10:20',23.87,12,0),(135,'2026-03-02','23:53:44',44.75,34,0),(136,'2025-02-24','04:37:41',39.72,5,0),(137,'2024-10-10','12:28:27',39.05,29,1),(138,'2024-08-30','11:34:55',19.45,16,1),(139,'2025-01-14','06:31:57',44.97,39,0),(140,'2025-08-19','06:56:00',15.07,43,1),(141,'2024-06-13','23:16:51',44.05,11,0),(142,'2024-05-01','13:15:54',49.52,39,0),(143,'2025-04-07','17:04:08',26.82,19,0),(144,'2024-12-08','15:17:38',45.57,23,1),(145,'2025-06-16','13:07:04',23.19,24,1),(146,'2025-11-13','08:05:26',30.5,12,1),(147,'2026-01-02','15:23:57',46.47,41,1),(148,'2026-02-27','14:03:31',6.57,28,1),(149,'2025-01-13','21:43:40',16.5,31,1),(150,'2026-02-26','12:40:22',7.09,25,0),(151,'2024-07-19','04:33:12',15.96,12,0),(152,'2024-04-18','08:19:26',15.26,40,1),(153,'2024-05-06','17:16:06',31.86,20,1),(154,'2025-09-04','15:54:34',12.52,28,1),(155,'2024-04-10','09:14:35',11.7,32,0),(156,'2024-03-18','10:14:57',39.83,20,1),(157,'2025-01-31','10:47:25',26.56,9,1),(158,'2024-04-10','14:56:26',13.15,26,0),(159,'2024-05-19','10:23:57',16,14,1),(160,'2024-07-08','03:54:21',42.94,31,1),(161,'2025-04-23','11:02:15',8.7,29,0),(162,'2025-03-17','18:44:32',44.3,18,1),(163,'2025-11-10','09:15:00',13.27,5,0),(164,'2025-12-17','11:57:54',11.17,34,1),(165,'2024-08-04','20:07:28',26.24,27,1),(166,'2025-01-09','08:37:52',42.03,27,1),(167,'2025-05-29','03:56:04',28.66,7,0),(168,'2024-08-12','05:51:48',7.62,20,0),(169,'2025-02-22','03:21:44',7.54,28,0),(170,'2026-03-05','05:42:29',31.87,32,1),(171,'2025-07-02','10:57:15',38.07,36,1),(172,'2024-12-03','10:27:45',46.55,26,0),(173,'2025-04-02','12:58:21',38.21,29,1),(174,'2024-05-26','17:49:12',19.97,50,1),(175,'2025-10-04','14:06:31',28.22,19,1),(176,'2025-09-30','03:27:40',39.5,17,1),(177,'2024-05-15','00:40:54',29.48,17,0),(178,'2024-04-22','10:17:45',21.57,44,1),(179,'2024-04-09','15:24:31',42.61,21,0),(180,'2025-02-23','00:29:58',31.09,9,0),(181,'2024-06-30','03:24:10',18.12,23,0),(182,'2024-11-19','16:01:49',28.95,45,0),(183,'2024-03-12','08:35:58',30.85,7,0),(184,'2024-05-08','20:19:19',12.68,29,1),(185,'2025-09-20','15:36:00',30.3,6,0),(186,'2025-08-22','03:57:36',15.28,12,1),(187,'2024-09-03','16:46:47',23.46,5,1),(188,'2025-06-27','17:50:24',23.35,16,0),(189,'2024-08-19','01:10:04',17.26,29,0),(190,'2025-06-10','06:58:51',48.54,46,1),(191,'2024-07-06','13:18:13',37.09,22,0),(192,'2026-02-05','21:51:27',8.37,48,1),(193,'2025-12-31','07:32:31',29.95,23,1),(194,'2025-07-08','23:31:43',21.84,15,0),(195,'2026-02-27','01:31:46',34.85,5,0),(196,'2024-10-05','00:45:43',40.38,23,1),(197,'2024-09-01','23:45:57',41.8,38,0),(198,'2025-10-06','08:58:38',39.89,9,1),(199,'2024-04-20','08:37:34',13.66,44,1),(200,'2024-08-10','06:00:00',27.55,25,1);
/*!40000 ALTER TABLE `Visite` ENABLE KEYS */;
UNLOCK TABLES;
/*!40103 SET TIME_ZONE=@OLD_TIME_ZONE */;

/*!40101 SET SQL_MODE=@OLD_SQL_MODE */;
/*!40014 SET FOREIGN_KEY_CHECKS=@OLD_FOREIGN_KEY_CHECKS */;
/*!40014 SET UNIQUE_CHECKS=@OLD_UNIQUE_CHECKS */;
/*!40101 SET CHARACTER_SET_CLIENT=@OLD_CHARACTER_SET_CLIENT */;
/*!40101 SET CHARACTER_SET_RESULTS=@OLD_CHARACTER_SET_RESULTS */;
/*!40101 SET COLLATION_CONNECTION=@OLD_COLLATION_CONNECTION */;
/*!40111 SET SQL_NOTES=@OLD_SQL_NOTES */;

-- Dump completed on 2025-11-19  8:10:26
